rec,card,map,tags,target,k,theta_deg,reliable,has_window,outcome_ungated,answer_ungated,outcome_gated,answer_gated
2026_08_16/000,e1,v7,,苹果,1,4.22,1,1,correct,苹果,correct,苹果
2026_08_16/000,e1,v7,,球M,2,8.3,1,1,correct,球M,correct,球M
2026_08_16/000,e1,v7,,石榴,3,6.01,1,1,correct,石榴,correct,石榴
2026_08_16/000,e1,v7,,香蕉,4,4.22,1,1,correct,香蕉,correct,香蕉
2026_08_16/000,e1,v7,,球R,5,6.01,1,1,correct,球R,none,
2026_08_16/000,e1,v7,,球L,6,5.53,1,1,correct,球L,correct,球L
2026_08_16/000,e1,v7,,球M,7,8.3,1,1,correct,球M,correct,球M
2026_08_16/000,e1,v7,,石榴,8,6.01,1,1,correct,石榴,correct,石榴
2026_08_16/000,e1,v7,,香蕉,9,4.22,1,1,correct,香蕉,correct,香蕉
2026_08_16/000,e1,v7,,球L,10,5.53,1,1,correct,球L,none,
2026_08_16/000,e1,v7,,苹果,11,4.22,1,1,correct,苹果,correct,苹果
2026_08_16/000,e1,v7,,球R,12,6.01,1,1,correct,球R,none,
2026_08_16/001,e2,v7,stress,球L,1,2.1,0,1,correct,球L,none,
2026_08_16/001,e2,v7,stress,球R,2,1.56,0,1,correct,球R,correct,球R
2026_08_16/001,e2,v7,stress,苹果,3,1.38,0,0,unknown,,unknown,
2026_08_16/001,e2,v7,stress,石榴,4,1.56,0,0,unknown,,unknown,
2026_08_16/001,e2,v7,stress,球M,5,3.21,0,1,correct,球M,none,
2026_08_16/001,e2,v7,stress,香蕉,6,1.38,0,0,unknown,,unknown,
2026_08_16/001,e2,v7,stress,苹果,7,1.38,0,0,unknown,,unknown,
2026_08_16/001,e2,v7,stress,石榴,8,1.56,0,0,unknown,,unknown,
2026_08_16/001,e2,v7,stress,香蕉,9,1.38,0,0,unknown,,unknown,
2026_08_16/001,e2,v7,stress,球R,10,1.56,0,1,correct,球R,correct,球R
2026_08_16/001,e2,v7,stress,球L,11,2.1,0,1,correct,球L,none,
2026_08_16/001,e2,v7,stress,球M,12,3.21,0,1,correct,球M,correct,球M
2026_08_16/s1,s1,v7,,球R,1,5.41,1,1,correct,球R,correct,球R
2026_08_16/s1,s1,v7,,球L,2,5.02,1,1,correct,球L,correct,球L
2026_08_16/s1,s1,v7,,球M,3,7.69,1,1,correct,球M,correct,球M
2026_08_16/s1,s1,v7,,球L,4,5.02,1,1,correct,球L,correct,球L
2026_08_16/s1,s1,v7,,球M,5,7.69,1,1,correct,球M,correct,球M
2026_08_16/s1,s1,v7,,球M,6,7.69,1,1,correct,球M,correct,球M
2026_08_16/s1,s1,v7,,球R,7,5.41,1,1,correct,球R,correct,球R
2026_08_16/s1,s1,v7,,球L,8,5.02,1,1,correct,球L,correct,球L
2026_08_16/s1,s1,v7,,球L,9,5.02,1,1,correct,球L,correct,球L
2026_08_16/s1,s1,v7,,球M,10,7.69,1,1,correct,球M,correct,球M
2026_08_16/s1,s1,v7,,球R,11,5.41,1,1,correct,球R,correct,球R
2026_08_16/s1,s1,v7,,球M,12,7.69,1,1,correct,球M,correct,球M
2026_08_16/s1,s1,v7,,球R,13,5.41,1,1,correct,球R,correct,球R
2026_08_16/s1,s1,v7,,球R,14,5.41,1,1,correct,球R,correct,球R
2026_08_16/s1,s1,v7,,球L,15,5.02,1,1,correct,球L,correct,球L
2026_08_16/s2,s2,v7,,球M,1,4.47,1,1,correct,球M,correct,球M
2026_08_16/s2,s2,v7,,球R,2,2.55,1,1,correct,球R,correct,球R
2026_08_16/s2,s2,v7,,球M,3,4.47,1,1,correct,球M,correct,球M
2026_08_16/s2,s2,v7,,球R,4,2.55,1,1,correct,球R,correct,球R
2026_08_16/s2,s2,v7,,球L,5,2.85,1,1,correct,球L,correct,球L
2026_08_16/s2,s2,v7,,球R,6,2.55,1,1,correct,球R,correct,球R
2026_08_16/s2,s2,v7,,球M,7,4.47,1,1,correct,球M,correct,球M
2026_08_16/s2,s2,v7,,球L,8,2.85,1,1,correct,球L,correct,球L
2026_08_16/s2,s2,v7,,球R,9,2.55,1,1,correct,球R,correct,球R
2026_08_16/s2,s2,v7,,球R,10,2.55,1,1,correct,球R,correct,球R
2026_08_16/s2,s2,v7,,球M,11,4.47,1,1,correct,球M,correct,球M
2026_08_16/s2,s2,v7,,球L,12,2.85,1,1,correct,球L,correct,球L
2026_08_16/s2,s2,v7,,球M,13,4.47,1,1,correct,球M,correct,球M
2026_08_16/s2,s2,v7,,球L,14,2.85,1,1,correct,球L,correct,球L
2026_08_16/s2,s2,v7,,球L,15,2.85,1,1,correct,球L,correct,球L
2026_08_16/s3,s3,v7,,球M,1,3.19,1,1,correct,球M,none,
2026_08_16/s3,s3,v7,,球L,2,2.0,1,1,correct,球L,none,
2026_08_16/s3,s3,v7,,球L,3,2.0,1,1,correct,球L,none,
2026_08_16/s3,s3,v7,,球M,4,3.19,1,1,correct,球M,correct,球M
2026_08_16/s3,s3,v7,,球R,5,1.53,1,1,correct,球R,correct,球R
2026_08_16/s3,s3,v7,,球R,6,1.53,1,1,correct,球R,correct,球R
2026_08_16/s3,s3,v7,,球L,7,2.0,1,1,correct,球L,correct,球L
2026_08_16/s3,s3,v7,,球L,8,2.0,1,1,correct,球L,correct,球L
2026_08_16/s3,s3,v7,,球M,9,3.19,1,1,correct,球M,correct,球M
2026_08_16/s3,s3,v7,,球R,10,1.53,1,1,wrong,球M,wrong,球M
2026_08_16/s3,s3,v7,,球L,11,2.0,1,1,correct,球L,correct,球L
2026_08_16/s3,s3,v7,,球M,12,3.19,1,1,correct,球M,correct,球M
2026_08_16/s3,s3,v7,,球R,13,1.53,1,1,correct,球R,none,
2026_08_16/s3,s3,v7,,球M,14,3.19,1,1,correct,球M,correct,球M
2026_08_16/s3,s3,v7,,球R,15,1.53,1,1,correct,球R,correct,球R
2026_08_16/s4,s4,v8,,球L,1,1.67,1,1,correct,球L,none,
2026_08_16/s4,s4,v8,,球L,2,1.67,1,1,correct,球L,none,
2026_08_16/s4,s4,v8,,球M,3,2.82,1,1,wrong,球L,wrong,球L
2026_08_16/s4,s4,v8,,球R,4,1.28,1,1,correct,球R,none,
2026_08_16/s4,s4,v8,,球R,5,1.28,1,1,correct,球R,none,
2026_08_16/s4,s4,v8,,球M,6,2.82,1,1,correct,球M,correct,球M
2026_08_16/s4,s4,v8,,球M,7,2.82,1,1,correct,球M,correct,球M
2026_08_16/s4,s4,v8,,球L,8,1.67,1,1,correct,球L,correct,球L
2026_08_16/s4,s4,v8,,球R,9,1.28,1,1,correct,球R,correct,球R
2026_08_16/s4,s4,v8,,球M,10,2.82,1,1,wrong,球R,wrong,球R
2026_08_16/s4,s4,v8,,球R,11,1.28,1,1,correct,球R,wrong,球M
2026_08_16/s4,s4,v8,,球R,12,1.28,1,1,correct,球R,correct,球R
2026_08_16/s4,s4,v8,,球M,13,2.82,1,1,correct,球M,correct,球M
2026_08_16/s4,s4,v8,,球L,14,1.67,1,1,correct,球L,correct,球L
2026_08_16/s4,s4,v8,,球L,15,1.67,1,1,correct,球L,correct,球L
2026_08_16/s6,s6,v8,,球L,1,0.56,1,1,correct,球L,correct,球L
2026_08_16/s6,s6,v8,,球M,2,1.79,1,1,correct,球M,correct,球M
2026_08_16/s6,s6,v8,,球R,3,1.85,1,1,correct,球R,none,
2026_08_16/s6,s6,v8,,球R,4,1.85,1,1,correct,球R,correct,球R
2026_08_16/s6,s6,v8,,球M,5,1.79,1,1,correct,球M,correct,球M
2026_08_16/s6,s6,v8,,球R,6,1.85,1,1,correct,球R,wrong,球M
2026_08_16/s6,s6,v8,,球R,7,1.85,1,1,correct,球R,correct,球R
2026_08_16/s6,s6,v8,,球M,8,1.79,1,1,correct,球M,correct,球M
2026_08_16/s6,s6,v8,,球L,9,0.56,1,1,correct,球L,correct,球L
2026_08_16/s6,s6,v8,,球M,10,1.79,1,1,correct,球M,correct,球M
2026_08_16/s6,s6,v8,,球L,11,0.56,1,1,correct,球L,correct,球L
2026_08_16/s6,s6,v8,,球M,12,1.79,1,1,correct,球M,correct,球M
2026_08_16/s6,s6,v8,,球L,13,0.56,1,1,correct,球L,correct,球L
2026_08_16/s6,s6,v8,,球R,14,1.85,1,1,correct,球R,correct,球R
2026_08_16/s6,s6,v8,,球L,15,0.56,1,1,correct,球L,correct,球L
2026_08_18/000,s7,v8,,球L,1,2.61,1,1,correct,球L,correct,球L
2026_08_18/000,s7,v8,,球L,2,2.61,1,1,correct,球L,correct,球L
2026_08_18/000,s7,v8,,球R,3,2.19,1,1,correct,球R,correct,球R
2026_08_18/000,s7,v8,,球R,4,2.19,1,1,correct,球R,wrong,球M
2026_08_18/000,s7,v8,,球M,5,2.19,1,1,correct,球M,correct,球M
2026_08_18/000,s7,v8,,球L,6,2.61,1,1,correct,球L,correct,球L
2026_08_18/000,s7,v8,,球M,7,2.19,1,1,correct,球M,correct,球M
2026_08_18/000,s7,v8,,球R,8,2.19,1,1,wrong,球M,wrong,球M
2026_08_18/000,s7,v8,,球R,9,2.19,1,1,correct,球R,correct,球R
2026_08_18/000,s7,v8,,球M,10,2.19,1,1,correct,球M,correct,球M
2026_08_18/000,s7,v8,,球L,11,2.61,1,1,correct,球L,correct,球L
2026_08_18/000,s7,v8,,球M,12,2.19,1,1,correct,球M,correct,球M
2026_08_18/000,s7,v8,,球R,13,2.19,1,1,correct,球R,correct,球R
2026_08_18/000,s7,v8,,球M,14,2.19,1,1,correct,球M,correct,球M
2026_08_18/000,s7,v8,,球L,15,2.61,1,1,correct,球L,correct,球L
2026_08_20/000,c1,v9,,球R,1,2.17,1,1,correct,球R,correct,球R
2026_08_20/000,c1,v9,,香蕉,2,0.41,1,1,wrong,球M,wrong,球M
2026_08_20/000,c1,v9,,纸箱子,3,24.07,1,1,correct,纸箱子,correct,纸箱子
2026_08_20/000,c1,v9,,苹果粉,4,2.09,1,1,correct,苹果粉,correct,苹果粉
2026_08_20/000,c1,v9,,白杯1,5,1.84,1,1,wrong,球R,correct,白杯1
2026_08_20/000,c1,v9,,水瓶,6,0.41,1,1,correct,水瓶,correct,水瓶
2026_08_20/000,c1,v9,,红杯,7,1.84,1,1,wrong,球R,wrong,白杯2
2026_08_20/000,c1,v9,,苹果红,8,0.41,1,1,wrong,球L,wrong,球L
2026_08_20/000,c1,v9,,球M,9,1.83,1,1,correct,球M,correct,球M
2026_08_20/000,c1,v9,,橘子,10,0.41,1,1,wrong,苹果红,wrong,苹果红
2026_08_20/000,c1,v9,,球L,11,1.71,1,1,correct,球L,correct,球L
2026_08_20/000,c1,v9,,白杯2,12,2.03,1,1,correct,白杯2,correct,白杯2
2026_08_20/001,c2,v9,,球R,1,1.28,0,1,correct,球R,correct,球R
2026_08_20/001,c2,v9,,球R,2,1.28,0,1,correct,球R,correct,球R
2026_08_20/001,c2,v9,,苹果红,3,0.13,0,0,unknown,,unknown,
2026_08_20/001,c2,v9,,球L,4,1.03,0,1,correct,球L,correct,球L
2026_08_20/001,c2,v9,,苹果粉,5,1.31,0,1,correct,苹果粉,correct,苹果粉
2026_08_20/001,c2,v9,,白杯1,6,1.28,0,0,unknown,,unknown,
2026_08_20/001,c2,v9,,球M,7,0.89,0,1,correct,球M,correct,球M
2026_08_20/001,c2,v9,,白杯1,8,1.28,0,0,unknown,,unknown,
2026_08_20/001,c2,v9,,苹果粉,9,1.31,0,1,correct,苹果粉,correct,苹果粉
2026_08_20/001,c2,v9,,球R,10,1.28,0,1,correct,球R,correct,球R
2026_08_20/001,c2,v9,,球M,11,0.89,0,1,correct,球M,correct,球M
2026_08_20/001,c2,v9,,白杯2,12,,0,1,correct,白杯2,correct,白杯2
2026_08_20/001,c2,v9,,白杯2,13,,0,1,correct,白杯2,correct,白杯2
2026_08_20/001,c2,v9,,球L,14,1.03,0,1,correct,球L,correct,球L
2026_08_20/001,c2,v9,,苹果红,15,0.13,0,1,correct,苹果红,none,
2026_08_20/002,c4,v9,beyond_occ,球L,1,0.84,0,0,unknown,,unknown,
2026_08_20/002,c4,v9,beyond_occ,球R,2,0.84,0,0,unknown,,unknown,
2026_08_20/002,c4,v9,beyond_occ,球R,3,0.84,0,0,unknown,,unknown,
2026_08_20/002,c4,v9,beyond_occ,球M,4,0.66,0,1,correct,球M,none,
2026_08_20/002,c4,v9,beyond_occ,球M,5,0.66,0,1,correct,球M,none,
2026_08_20/002,c4,v9,beyond_occ,球L,6,0.84,0,1,correct,球L,correct,球L
2026_08_20/002,c4,v9,beyond_occ,球R,7,0.84,0,0,unknown,,unknown,
2026_08_20/002,c4,v9,beyond_occ,球L,8,0.84,0,1,correct,球L,none,
2026_08_20/002,c4,v9,beyond_occ,球L,9,0.84,0,1,correct,球L,none,
2026_08_20/002,c4,v9,beyond_occ,球M,10,0.66,0,1,correct,球M,none,
2026_08_20/002,c4,v9,beyond_occ,球L,11,0.84,0,1,correct,球L,correct,球L
2026_08_20/002,c4,v9,beyond_occ,球M,12,0.66,0,1,correct,球M,none,
2026_08_20/002,c4,v9,beyond_occ,球R,13,0.84,0,1,correct,球R,none,
2026_08_20/002,c4,v9,beyond_occ,球M,14,0.66,0,0,unknown,,unknown,
2026_08_20/002,c4,v9,beyond_occ,球R,15,0.84,0,1,correct,球R,none,
2026_08_20/003,c4,v9,beyond_occ,球L,1,0.64,0,1,correct,球L,correct,球L
2026_08_20/003,c4,v9,beyond_occ,球R,2,0.63,0,0,unknown,,unknown,
2026_08_20/003,c4,v9,beyond_occ,球R,3,0.63,0,0,unknown,,unknown,
2026_08_20/003,c4,v9,beyond_occ,球M,4,0.63,0,0,unknown,,unknown,
2026_08_20/003,c4,v9,beyond_occ,球M,5,0.63,0,0,unknown,,unknown,
2026_08_20/003,c4,v9,beyond_occ,球L,6,0.64,0,1,correct,球L,correct,球L
2026_08_20/003,c4,v9,beyond_occ,球R,7,0.63,0,0,unknown,,unknown,
2026_08_20/003,c4,v9,beyond_occ,球L,8,0.64,0,1,correct,球L,none,
2026_08_20/003,c4,v9,beyond_occ,球L,9,0.64,0,1,correct,球L,none,
2026_08_20/003,c4,v9,beyond_occ,球M,10,0.63,0,0,unknown,,unknown,
2026_08_20/003,c4,v9,beyond_occ,球L,11,0.64,0,1,correct,球L,none,
2026_08_20/003,c4,v9,beyond_occ,球M,12,0.63,0,0,unknown,,unknown,
2026_08_20/003,c4,v9,beyond_occ,球R,13,0.63,0,1,correct,球R,none,
2026_08_20/003,c4,v9,beyond_occ,球M,14,0.63,0,0,unknown,,unknown,
2026_08_20/003,c4,v9,beyond_occ,球R,15,0.63,0,1,correct,球R,none,
2026_08_25/c1_1,c4,v9,beyond_occ,球L,1,0.92,0,1,correct,球L,none,
2026_08_25/c1_1,c4,v9,beyond_occ,球R,2,0.9,0,0,unknown,,unknown,
2026_08_25/c1_1,c4,v9,beyond_occ,球R,3,0.9,0,0,unknown,,unknown,
2026_08_25/c1_1,c4,v9,beyond_occ,球M,4,0.68,0,0,unknown,,unknown,
2026_08_25/c1_1,c4,v9,beyond_occ,球M,5,0.68,0,0,unknown,,unknown,
2026_08_25/c1_1,c4,v9,beyond_occ,球L,6,0.92,0,1,correct,球L,none,
2026_08_25/c1_1,c4,v9,beyond_occ,球R,7,0.9,0,0,unknown,,unknown,
2026_08_25/c1_1,c4,v9,beyond_occ,球L,8,0.92,0,1,correct,球L,none,
2026_08_25/c1_1,c4,v9,beyond_occ,球L,9,0.92,0,1,correct,球L,none,
2026_08_25/c1_1,c4,v9,beyond_occ,球M,10,0.68,0,1,correct,球M,none,
2026_08_25/c1_1,c4,v9,beyond_occ,球L,11,0.92,0,1,correct,球L,correct,球L
2026_08_25/c1_1,c4,v9,beyond_occ,球M,12,0.68,0,1,correct,球M,none,
2026_08_25/c1_1,c4,v9,beyond_occ,球R,13,0.9,0,0,unknown,,unknown,
2026_08_25/c1_1,c4,v9,beyond_occ,球M,14,0.68,0,1,correct,球M,none,
2026_08_25/c1_1,c4,v9,beyond_occ,球R,15,0.9,0,0,unknown,,unknown,
2026_08_25/c1_2,c4,v9,,球L,1,1.04,1,1,correct,球L,none,
2026_08_25/c1_2,c4,v9,,球R,2,0.81,1,1,correct,球R,none,
2026_08_25/c1_2,c4,v9,,球R,3,0.81,1,1,correct,球R,correct,球R
2026_08_25/c1_2,c4,v9,,球M,4,0.65,1,1,correct,球M,correct,球M
2026_08_25/c1_2,c4,v9,,球M,5,0.65,1,1,correct,球M,none,
2026_08_25/c1_2,c4,v9,,球L,6,1.04,1,1,correct,球L,correct,球L
2026_08_25/c1_2,c4,v9,,球R,7,0.81,1,1,correct,球R,none,
2026_08_25/c1_2,c4,v9,,球L,8,1.04,1,1,correct,球L,none,
2026_08_25/c1_2,c4,v9,,球L,9,1.04,1,1,correct,球L,none,
2026_08_25/c1_2,c4,v9,,球M,10,0.65,1,1,correct,球M,none,
2026_08_25/c1_2,c4,v9,,球L,11,1.04,1,1,correct,球L,correct,球L
2026_08_25/c1_2,c4,v9,,球M,12,0.65,1,1,correct,球M,none,
2026_08_25/c1_2,c4,v9,,球R,13,0.81,1,1,correct,球R,correct,球R
2026_08_25/c1_2,c4,v9,,球M,14,0.65,1,1,correct,球M,correct,球M
2026_08_25/c1_2,c4,v9,,球R,15,0.81,1,1,correct,球R,correct,球R
2026_08_25/c1_3,c4,v9,,球L,1,1.19,0,1,correct,球L,correct,球L
2026_08_25/c1_3,c4,v9,,球R,2,0.96,0,0,unknown,,unknown,
2026_08_25/c1_3,c4,v9,,球R,3,0.96,0,0,unknown,,unknown,
2026_08_25/c1_3,c4,v9,,球M,4,0.77,0,1,correct,球M,correct,球M
2026_08_25/c1_3,c4,v9,,球M,5,0.77,0,1,correct,球M,correct,球M
2026_08_25/c1_3,c4,v9,,球L,6,1.19,0,1,correct,球L,none,
2026_08_25/c1_3,c4,v9,,球R,7,0.96,0,0,unknown,,unknown,
2026_08_25/c1_3,c4,v9,,球L,8,1.19,0,0,unknown,,unknown,
2026_08_25/c1_3,c4,v9,,球L,9,1.19,0,0,unknown,,unknown,
2026_08_25/c1_3,c4,v9,,球M,10,0.77,0,1,correct,球M,correct,球M
2026_08_25/c1_3,c4,v9,,球L,11,1.19,0,1,correct,球L,correct,球L
2026_08_25/c1_3,c4,v9,,球M,12,0.77,0,0,unknown,,unknown,
2026_08_25/c1_3,c4,v9,,球R,13,0.96,0,1,correct,球R,correct,球R
2026_08_25/c1_3,c4,v9,,球M,14,0.77,0,1,correct,球M,none,
2026_08_25/c1_3,c4,v9,,球R,15,0.96,0,1,correct,球R,none,
2026_08_25/u3,u3,v9,walking,球L,1,1.36,1,1,correct,球L,correct,球L
2026_08_25/u3,u3,v9,walking,球M,2,1.44,1,1,correct,球M,wrong,球L
2026_08_25/u3,u3,v9,walking,球R,3,1.75,1,1,correct,球R,none,
2026_08_25/u3,u3,v9,walking,球M,4,1.44,1,1,correct,球M,none,
2026_08_25/u3,u3,v9,walking,球R,5,1.75,1,1,correct,球R,none,
2026_08_25/u3,u3,v9,walking,球L,6,1.36,1,1,correct,球L,correct,球L
2026_08_25/u3,u3,v9,walking,球M,7,1.44,1,1,correct,球M,correct,球M
2026_08_25/u3,u3,v9,walking,球R,8,1.75,1,1,correct,球R,correct,球R
2026_08_25/u3,u3,v9,walking,球L,9,1.36,1,1,correct,球L,correct,球L
2026_08_25/u3,u3,v9,walking,球R,10,1.75,1,1,correct,球R,correct,球R
2026_08_25/u3,u3,v9,walking,球L,11,1.36,1,1,correct,球L,correct,球L
2026_08_25/u3,u3,v9,walking,球M,12,1.44,1,1,correct,球M,correct,球M
2026_08_25/u3,u3,v9,walking,球R,13,1.75,1,1,wrong,球M,wrong,球M
2026_08_25/u3,u3,v9,walking,球L,14,1.36,1,1,correct,球L,correct,球L
2026_08_25/u3,u3,v9,walking,球M,15,1.44,1,1,correct,球M,correct,球M
