rec,card,room,map,station,tags,target,outcome,theta_deg,theta_src,vote,dur_s,dist_m
000,e1,老房,v7,1.4-1.7m 正对,,苹果,hit,4.23,trial,0.9,6.0,1.66
000,e1,老房,v7,1.4-1.7m 正对,,网球M,hit,8.31,trial,1.0,6.3,1.39
000,e1,老房,v7,1.4-1.7m 正对,,石榴,hit,5.96,trial,0.98,6.2,1.65
000,e1,老房,v7,1.4-1.7m 正对,,香蕉,hit,4.18,trial,0.94,5.7,1.51
000,e1,老房,v7,1.4-1.7m 正对,,网球R,hit,6.01,trial,1.0,2.5,1.48
000,e1,老房,v7,1.4-1.7m 正对,,网球L,hit,5.38,trial,0.77,3.9,1.42
000,e1,老房,v7,1.4-1.7m 正对,,网球M,hit,8.29,trial,1.0,5.4,1.49
000,e1,老房,v7,1.4-1.7m 正对,,石榴,hit,5.97,trial,0.98,5.6,1.65
000,e1,老房,v7,1.4-1.7m 正对,,香蕉,hit,4.27,trial,0.91,4.7,1.57
000,e1,老房,v7,1.4-1.7m 正对,,网球L,hit,5.33,trial,0.63,2.8,1.45
000,e1,老房,v7,1.4-1.7m 正对,,香蕉,extra,4.25,trial,0.59,3.6,1.49
000,e1,老房,v7,1.4-1.7m 正对,,苹果,hit,4.26,trial,0.77,6.3,1.65
000,e1,老房,v7,1.4-1.7m 正对,,网球R,hit,6.06,trial,1.0,5.8,1.47
001,e2,老房,v7,3.1m 正对,stress,网球L,hit,2.18,trial,0.91,6.4,3.17
001,e2,老房,v7,3.1m 正对,stress,网球R,hit,1.65,trial,0.81,5.3,3.18
001,e2,老房,v7,3.1m 正对,stress,苹果,miss,2.09,station,,,
001,e2,老房,v7,3.1m 正对,stress,石榴,miss,2.09,station,,,
001,e2,老房,v7,3.1m 正对,stress,网球L,extra,2.1,trial,0.76,5.1,3.28
001,e2,老房,v7,3.1m 正对,stress,网球R,extra,1.57,trial,0.73,6.4,3.32
001,e2,老房,v7,3.1m 正对,stress,网球M,hit,3.2,trial,0.96,1.7,3.61
001,e2,老房,v7,3.1m 正对,stress,香蕉,miss,2.09,station,,,
001,e2,老房,v7,3.1m 正对,stress,苹果,miss,2.09,station,,,
001,e2,老房,v7,3.1m 正对,stress,石榴,miss,2.09,station,,,
001,e2,老房,v7,3.1m 正对,stress,香蕉,miss,2.09,station,,,
001,e2,老房,v7,3.1m 正对,stress,网球L,extra,2.09,trial,0.63,11.8,3.27
001,e2,老房,v7,3.1m 正对,stress,网球R,hit,1.56,trial,0.76,5.8,3.33
001,e2,老房,v7,3.1m 正对,stress,网球L,hit,2.09,trial,0.63,6.2,3.29
001,e2,老房,v7,3.1m 正对,stress,网球R,extra,1.54,trial,0.9,6.8,3.31
001,e2,老房,v7,3.1m 正对,stress,网球L,extra,2.07,trial,0.94,6.0,3.29
001,e2,老房,v7,3.1m 正对,stress,网球M,hit,3.19,trial,0.9,1.7,3.44
s1,s1,老房,v7,~1.6m 正对,,网球R,hit,5.38,trial,1.0,5.8,1.61
s1,s1,老房,v7,~1.6m 正对,,网球L,hit,4.96,trial,0.86,6.5,1.53
s1,s1,老房,v7,~1.6m 正对,,网球M,hit,7.81,trial,1.0,5.8,1.49
s1,s1,老房,v7,~1.6m 正对,,网球L,hit,5.06,trial,0.85,2.5,1.51
s1,s1,老房,v7,~1.6m 正对,,网球L,extra,4.95,trial,0.8,3.1,1.54
s1,s1,老房,v7,~1.6m 正对,,网球M,hit,5.404999999999999,station,1.0,11.7,1.5
s1,s1,老房,v7,~1.6m 正对,,网球M,hit,5.404999999999999,station,1.0,11.7,1.5
s1,s1,老房,v7,~1.6m 正对,,网球R,hit,5.49,trial,0.99,6.4,1.59
s1,s1,老房,v7,~1.6m 正对,,网球L,hit,5.404999999999999,station,0.88,12.3,1.58
s1,s1,老房,v7,~1.6m 正对,,网球L,hit,5.404999999999999,station,0.88,12.3,1.58
s1,s1,老房,v7,~1.6m 正对,,网球M,hit,7.64,trial,1.0,5.7,1.52
s1,s1,老房,v7,~1.6m 正对,,网球R,hit,5.43,trial,0.99,6.2,1.6
s1,s1,老房,v7,~1.6m 正对,,网球M,hit,7.74,trial,1.0,6.8,1.51
s1,s1,老房,v7,~1.6m 正对,,网球R,hit,5.404999999999999,station,0.97,13.3,1.61
s1,s1,老房,v7,~1.6m 正对,,网球R,hit,5.404999999999999,station,0.97,13.3,1.61
s1,s1,老房,v7,~1.6m 正对,,网球L,hit,4.93,trial,0.87,6.7,1.59
s2,s2,老房,v7,~2.5m 正对,,网球M,hit,4.58,trial,0.99,6.3,2.35
s2,s2,老房,v7,~2.5m 正对,,网球R,hit,2.6,trial,0.89,6.2,2.48
s2,s2,老房,v7,~2.5m 正对,,网球M,hit,4.53,trial,0.99,5.4,2.36
s2,s2,老房,v7,~2.5m 正对,,网球R,hit,2.59,trial,0.83,6.2,2.49
s2,s2,老房,v7,~2.5m 正对,,网球L,hit,2.91,trial,0.54,4.3,2.43
s2,s2,老房,v7,~2.5m 正对,,网球L,extra,2.89,trial,0.59,1.5,2.43
s2,s2,老房,v7,~2.5m 正对,,网球R,hit,2.63,trial,0.81,6.0,2.47
s2,s2,老房,v7,~2.5m 正对,,网球M,hit,4.54,trial,0.97,3.5,2.46
s2,s2,老房,v7,~2.5m 正对,,网球M,extra,4.47,trial,0.95,1.3,2.48
s2,s2,老房,v7,~2.5m 正对,,网球L,hit,2.84,trial,0.58,6.9,2.47
s2,s2,老房,v7,~2.5m 正对,,网球R,hit,2.91,station,0.88,11.9,2.55
s2,s2,老房,v7,~2.5m 正对,,网球R,hit,2.91,station,0.88,11.9,2.55
s2,s2,老房,v7,~2.5m 正对,,网球M,hit,4.48,trial,0.99,4.8,2.39
s2,s2,老房,v7,~2.5m 正对,,网球L,hit,2.88,trial,0.67,6.0,2.47
s2,s2,老房,v7,~2.5m 正对,,网球M,hit,4.54,trial,0.99,6.3,2.41
s2,s2,老房,v7,~2.5m 正对,,网球L,hit,2.91,station,0.51,9.1,2.47
s2,s2,老房,v7,~2.5m 正对,,网球L,hit,2.91,station,0.51,9.1,2.47
s3,s3,老房,v7,~3.4m 正对,,网球M,hit,3.37,trial,0.92,1.4,3.24
s3,s3,老房,v7,~3.4m 正对,,网球M,extra,3.19,trial,0.98,2.5,3.5
s3,s3,老房,v7,~3.4m 正对,,网球L,hit,3.19,station,0.84,12.0,3.35
s3,s3,老房,v7,~3.4m 正对,,网球L,hit,3.19,station,0.84,12.0,3.35
s3,s3,老房,v7,~3.4m 正对,,网球M,hit,3.21,trial,0.92,1.8,3.38
s3,s3,老房,v7,~3.4m 正对,,网球R,hit,3.19,station,0.85,12.8,3.39
s3,s3,老房,v7,~3.4m 正对,,网球R,hit,3.19,station,0.85,12.8,3.39
s3,s3,老房,v7,~3.4m 正对,,网球L,hit,3.19,station,0.79,11.8,3.34
s3,s3,老房,v7,~3.4m 正对,,网球L,hit,3.19,station,0.79,11.8,3.34
s3,s3,老房,v7,~3.4m 正对,,网球M,hit,3.17,trial,0.86,6.4,3.4
s3,s3,老房,v7,~3.4m 正对,,网球R,hit,1.51,trial,0.83,3.3,3.38
s3,s3,老房,v7,~3.4m 正对,,网球L,hit,1.98,trial,0.73,6.4,3.36
s3,s3,老房,v7,~3.4m 正对,,网球M,hit,3.2,trial,0.89,3.7,3.39
s3,s3,老房,v7,~3.4m 正对,,网球R,hit,1.52,trial,0.87,6.3,3.39
s3,s3,老房,v7,~3.4m 正对,,网球M,hit,3.2,trial,0.94,1.2,3.5
s3,s3,老房,v7,~3.4m 正对,,网球M,extra,3.2,trial,0.94,1.0,3.39
s3,s3,老房,v7,~3.4m 正对,,网球R,hit,1.53,trial,0.83,7.1,3.38
s4,s4,新房,v8,3.9m 正对,,网球L,hit,2.79,station,0.93,12.5,3.8
s4,s4,新房,v8,3.9m 正对,,网球L,hit,2.79,station,0.93,12.5,3.8
s4,s4,新房,v8,3.9m 正对,,网球M,hit,2.8,trial,0.85,1.1,3.82
s4,s4,新房,v8,3.9m 正对,,网球M,extra,2.79,trial,0.78,1.4,4.02
s4,s4,新房,v8,3.9m 正对,,网球R,hit,2.79,station,0.9,9.0,3.81
s4,s4,新房,v8,3.9m 正对,,网球R,hit,2.79,station,0.9,9.0,3.81
s4,s4,新房,v8,3.9m 正对,,网球M,hit,2.79,station,0.59,2.7,3.88
s4,s4,新房,v8,3.9m 正对,,网球M,hit,2.79,station,0.59,2.7,3.88
s4,s4,新房,v8,3.9m 正对,,网球M,extra,2.84,trial,0.89,1.4,3.86
s4,s4,新房,v8,3.9m 正对,,网球L,hit,1.7,trial,0.84,4.2,3.78
s4,s4,新房,v8,3.9m 正对,,网球R,hit,1.33,trial,0.85,4.9,3.84
s4,s4,新房,v8,3.9m 正对,,网球M,miss,2.79,station,,,
s4,s4,新房,v8,3.9m 正对,,网球R,hit,2.79,station,0.82,10.2,3.8
s4,s4,新房,v8,3.9m 正对,,网球R,hit,2.79,station,0.82,10.2,3.8
s4,s4,新房,v8,3.9m 正对,,网球R,extra,1.3,trial,0.88,2.5,3.82
s4,s4,新房,v8,3.9m 正对,,网球M,hit,2.86,trial,0.88,4.3,3.81
s4,s4,新房,v8,3.9m 正对,,网球L,hit,2.79,station,0.85,12.9,3.77
s4,s4,新房,v8,3.9m 正对,,网球L,hit,2.79,station,0.85,12.9,3.77
s6,s6,新房,v8,4.3m α57°,,网球M,extra,1.77,trial,0.67,3.1,4.5
s6,s6,新房,v8,4.3m α57°,,网球L,hit,0.61,trial,0.74,5.5,4.43
s6,s6,新房,v8,4.3m α57°,,网球M,hit,1.81,trial,0.71,5.0,4.49
s6,s6,新房,v8,4.3m α57°,,网球R,hit,1.73,station,0.81,11.8,4.6
s6,s6,新房,v8,4.3m α57°,,网球R,hit,1.73,station,0.81,11.8,4.6
s6,s6,新房,v8,4.3m α57°,,网球M,hit,1.76,trial,0.7,6.6,4.46
s6,s6,新房,v8,4.3m α57°,,网球R,hit,1.73,station,0.68,10.9,4.56
s6,s6,新房,v8,4.3m α57°,,网球R,hit,1.73,station,0.68,10.9,4.56
s6,s6,新房,v8,4.3m α57°,,网球M,hit,2.06,trial,0.7,6.2,4.55
s6,s6,新房,v8,4.3m α57°,,网球L,hit,0.62,trial,0.69,5.8,4.49
s6,s6,新房,v8,4.3m α57°,,网球M,hit,2.0,trial,0.64,6.8,4.5
s6,s6,新房,v8,4.3m α57°,,网球L,hit,0.56,trial,0.68,4.5,4.41
s6,s6,新房,v8,4.3m α57°,,网球M,hit,1.73,trial,0.65,6.2,4.49
s6,s6,新房,v8,4.3m α57°,,网球L,hit,0.57,trial,0.72,3.1,4.41
s6,s6,新房,v8,4.3m α57°,,网球L,extra,0.7,trial,0.66,1.4,4.48
s6,s6,新房,v8,4.3m α57°,,网球R,hit,1.84,trial,0.58,4.9,4.55
s6,s6,新房,v8,4.3m α57°,,网球L,hit,0.56,trial,0.73,5.5,4.4
000,s7,新房,v8,3.1m α22.5°,,网球M,extra,2.23,trial,0.57,2.9,2.93
000,s7,新房,v8,3.1m α22.5°,,网球L,hit,2.23,station,0.83,12.0,3.01
000,s7,新房,v8,3.1m α22.5°,,网球L,hit,2.23,station,0.83,12.0,3.01
000,s7,新房,v8,3.1m α22.5°,,网球R,hit,2.23,station,0.58,3.0,3.4
000,s7,新房,v8,3.1m α22.5°,,网球R,miss,2.23,station,0.58,3.0,3.4
000,s7,新房,v8,3.1m α22.5°,,网球M,hit,2.22,trial,0.56,2.6,3.21
000,s7,新房,v8,3.1m α22.5°,,网球R,extra,2.22,trial,0.57,2.4,3.38
000,s7,新房,v8,3.1m α22.5°,,网球M,extra,2.2,trial,0.49,2.5,3.35
000,s7,新房,v8,3.1m α22.5°,,网球M,extra,2.19,trial,0.51,4.8,2.99
000,s7,新房,v8,3.1m α22.5°,,网球L,hit,2.6,trial,0.76,5.4,3.02
000,s7,新房,v8,3.1m α22.5°,,网球M,hit,2.18,trial,0.56,4.9,2.98
000,s7,新房,v8,3.1m α22.5°,,网球M,extra,2.27,trial,0.52,7.6,2.97
000,s7,新房,v8,3.1m α22.5°,,网球R,hit,2.23,station,0.48,5.0,3.2
000,s7,新房,v8,3.1m α22.5°,,网球R,miss,2.23,station,0.48,5.0,3.2
000,s7,新房,v8,3.1m α22.5°,,网球M,hit,2.26,trial,0.53,6.6,2.98
000,s7,新房,v8,3.1m α22.5°,,网球L,hit,2.53,trial,0.77,4.0,3.02
000,s7,新房,v8,3.1m α22.5°,,网球L,extra,2.53,trial,0.72,1.0,3.04
000,s7,新房,v8,3.1m α22.5°,,网球M,hit,2.09,trial,0.56,6.3,3.03
000,s7,新房,v8,3.1m α22.5°,,网球R,hit,2.25,trial,0.62,1.4,3.34
000,s7,新房,v8,3.1m α22.5°,,网球R,extra,2.24,trial,0.6,1.6,3.38
000,s7,新房,v8,3.1m α22.5°,,网球R,extra,2.23,trial,0.67,1.9,3.43
000,s7,新房,v8,3.1m α22.5°,,网球M,hit,2.21,trial,0.58,6.3,3.08
000,s7,新房,v8,3.1m α22.5°,,网球L,hit,2.5,trial,0.64,5.9,3.03
000,c1,新房,v9,2m 正对,,球L,extra,1.68,trial,0.54,1.6,2.28
000,c1,新房,v9,2m 正对,,球R,hit,2.24,trial,0.62,5.3,2.13
000,c1,新房,v9,2m 正对,,香蕉,miss,1.81,station,,,
000,c1,新房,v9,2m 正对,,球M,extra,1.86,trial,0.44,3.5,2.23
000,c1,新房,v9,2m 正对,,水瓶,extra,0.28,trial,0.32,2.9,2.24
000,c1,新房,v9,2m 正对,,纸箱子,hit,24.4,trial,1.0,5.7,3.06
000,c1,新房,v9,2m 正对,,苹果粉,hit,2.05,trial,0.66,4.9,2.23
000,c1,新房,v9,2m 正对,,苹果粉,extra,2.03,trial,0.63,1.0,2.24
000,c1,新房,v9,2m 正对,,白杯1,hit,1.75,trial,0.33,3.9,2.38
000,c1,新房,v9,2m 正对,,水瓶,hit,0.34,trial,0.47,3.1,2.27
000,c1,新房,v9,2m 正对,,红杯,miss,1.81,station,,,
000,c1,新房,v9,2m 正对,,苹果红,miss,1.81,station,,,
000,c1,新房,v9,2m 正对,,水瓶,extra,0.46,trial,0.53,2.1,2.34
000,c1,新房,v9,2m 正对,,白杯1,extra,1.78,trial,0.3,1.7,2.31
000,c1,新房,v9,2m 正对,,球R,extra,2.15,trial,0.37,1.1,2.3
000,c1,新房,v9,2m 正对,,球L,extra,1.74,trial,0.28,5.3,2.25
000,c1,新房,v9,2m 正对,,球M,hit,1.84,trial,0.61,2.1,2.17
000,c1,新房,v9,2m 正对,,橘子,miss,1.81,station,,,
000,c1,新房,v9,2m 正对,,球M,extra,1.81,trial,0.55,1.5,2.22
000,c1,新房,v9,2m 正对,,苹果红,extra,0.43,trial,0.38,6.3,2.35
000,c1,新房,v9,2m 正对,,球L,hit,1.69,trial,0.51,3.0,2.27
000,c1,新房,v9,2m 正对,,白杯2,hit,1.97,trial,0.5,2.5,2.32
000,c1,新房,v9,2m 正对,,球R,extra,2.14,trial,0.31,1.4,2.31
001,c2,新房,v9,2m 正对,,球R,hit,1.07,station,0.41,5.7,2.71
001,c2,新房,v9,2m 正对,,球R,hit,1.07,station,0.41,5.7,2.71
001,c2,新房,v9,2m 正对,,苹果红,miss,1.07,station,,,
001,c2,新房,v9,2m 正对,,球L,hit,1.07,trial,0.33,1.7,3.13
001,c2,新房,v9,2m 正对,,球L,extra,1.04,trial,0.25,4.0,3.25
001,c2,新房,v9,2m 正对,,球L,extra,1.04,trial,0.41,4.2,3.26
001,c2,新房,v9,2m 正对,,苹果粉,hit,1.31,trial,0.6,6.0,3.21
001,c2,新房,v9,2m 正对,,白杯1,hit,1.28,trial,0.25,2.0,3.28
001,c2,新房,v9,2m 正对,,球M,miss,1.07,station,,,
001,c2,新房,v9,2m 正对,,白杯1,miss,1.07,station,,,
001,c2,新房,v9,2m 正对,,水瓶,extra,0.44,trial,0.32,1.2,3.28
001,c2,新房,v9,2m 正对,,球L,extra,1.01,trial,0.31,1.0,3.29
001,c2,新房,v9,2m 正对,,球R,extra,1.23,trial,0.25,2.9,3.32
001,c2,新房,v9,2m 正对,,球R,extra,1.22,trial,0.31,1.1,3.31
001,c2,新房,v9,2m 正对,,苹果粉,hit,1.23,trial,0.61,2.3,3.3
001,c2,新房,v9,2m 正对,,球R,hit,1.32,trial,0.32,1.8,3.22
001,c2,新房,v9,2m 正对,,球R,extra,1.3,trial,0.33,1.2,3.26
001,c2,新房,v9,2m 正对,,球M,hit,0.94,trial,0.33,2.2,3.21
001,c2,新房,v9,2m 正对,,白杯2,hit,1.07,station,0.39,4.6,3.25
001,c2,新房,v9,2m 正对,,白杯2,miss,1.07,station,0.39,4.6,3.25
001,c2,新房,v9,2m 正对,,球R,extra,1.31,trial,0.32,1.6,3.23
001,c2,新房,v9,2m 正对,,白杯2,extra,1.22,trial,0.39,6.0,3.24
001,c2,新房,v9,2m 正对,,球L,hit,1.05,trial,0.28,2.1,3.21
001,c2,新房,v9,2m 正对,,苹果红,miss,1.07,station,,,
001,c2,新房,v9,2m 正对,,水瓶,extra,0.46,trial,0.32,1.0,3.24
001,c2,新房,v9,2m 正对,,球L,extra,1.03,trial,0.28,2.7,3.25
001,c2,新房,v9,2m 正对,,水瓶,extra,0.46,trial,0.26,1.0,3.25
002,c4,新房,v9,4.36m α20.6°,beyond_occ,球L,hit,0.93,trial,0.21,4.7,4.18
002,c4,新房,v9,4.36m α20.6°,beyond_occ,球R,miss,0.84,station,,,
002,c4,新房,v9,4.36m α20.6°,beyond_occ,球R,miss,0.84,station,,,
002,c4,新房,v9,4.36m α20.6°,beyond_occ,球M,miss,0.84,station,,,
002,c4,新房,v9,4.36m α20.6°,beyond_occ,球M,miss,0.84,station,,,
002,c4,新房,v9,4.36m α20.6°,beyond_occ,球L,hit,0.85,trial,0.23,3.8,4.23
002,c4,新房,v9,4.36m α20.6°,beyond_occ,球R,miss,0.84,station,,,
002,c4,新房,v9,4.36m α20.6°,beyond_occ,球L,hit,0.84,station,0.22,4.8,4.26
002,c4,新房,v9,4.36m α20.6°,beyond_occ,球L,miss,0.84,station,0.22,4.8,4.26
002,c4,新房,v9,4.36m α20.6°,beyond_occ,球M,hit,0.67,trial,0.23,1.1,4.26
002,c4,新房,v9,4.36m α20.6°,beyond_occ,球L,hit,0.84,trial,0.23,12.4,4.31
002,c4,新房,v9,4.36m α20.6°,beyond_occ,苹果粉,extra,1.66,trial,0.23,4.7,4.28
002,c4,新房,v9,4.36m α20.6°,beyond_occ,球L,extra,0.83,trial,0.23,3.2,4.3
002,c4,新房,v9,4.36m α20.6°,beyond_occ,苹果粉,extra,1.65,trial,0.26,1.4,4.3
002,c4,新房,v9,4.36m α20.6°,beyond_occ,球L,extra,0.84,trial,0.24,1.8,4.29
002,c4,新房,v9,4.36m α20.6°,beyond_occ,苹果粉,extra,1.66,trial,0.38,1.8,4.29
002,c4,新房,v9,4.36m α20.6°,beyond_occ,球L,extra,0.84,trial,0.22,7.3,4.29
002,c4,新房,v9,4.36m α20.6°,beyond_occ,球L,extra,0.82,trial,0.21,1.9,4.25
002,c4,新房,v9,4.36m α20.6°,beyond_occ,水瓶,extra,0.41,trial,0.23,1.4,4.26
002,c4,新房,v9,4.36m α20.6°,beyond_occ,球L,extra,0.86,trial,0.27,6.9,4.28
002,c4,新房,v9,4.36m α20.6°,beyond_occ,球L,extra,0.85,trial,0.25,3.2,4.25
002,c4,新房,v9,4.36m α20.6°,beyond_occ,球L,extra,0.85,trial,0.23,19.1,4.27
002,c4,新房,v9,4.36m α20.6°,beyond_occ,水瓶,extra,0.39,trial,0.22,1.7,4.33
002,c4,新房,v9,4.36m α20.6°,beyond_occ,球L,extra,0.84,trial,0.22,3.7,4.33
002,c4,新房,v9,4.36m α20.6°,beyond_occ,苹果粉,extra,1.65,trial,0.34,1.0,4.33
002,c4,新房,v9,4.36m α20.6°,beyond_occ,球L,extra,0.82,trial,0.21,6.4,4.31
002,c4,新房,v9,4.36m α20.6°,beyond_occ,球M,hit,0.66,trial,0.23,1.8,4.25
002,c4,新房,v9,4.36m α20.6°,beyond_occ,球R,miss,0.84,station,,,
002,c4,新房,v9,4.36m α20.6°,beyond_occ,球L,extra,0.84,trial,0.27,1.7,4.21
002,c4,新房,v9,4.36m α20.6°,beyond_occ,球M,hit,0.66,trial,0.24,1.0,4.22
002,c4,新房,v9,4.36m α20.6°,beyond_occ,球R,miss,0.84,station,,,
003,c4,新房,v9,4.52m α14.5°,beyond_occ,球L,hit,0.64,trial,0.29,1.6,4.21
003,c4,新房,v9,4.52m α14.5°,beyond_occ,球R,miss,0.64,station,,,
003,c4,新房,v9,4.52m α14.5°,beyond_occ,球R,miss,0.64,station,,,
003,c4,新房,v9,4.52m α14.5°,beyond_occ,球M,miss,0.64,station,,,
003,c4,新房,v9,4.52m α14.5°,beyond_occ,球M,miss,0.64,station,,,
003,c4,新房,v9,4.52m α14.5°,beyond_occ,球L,hit,0.62,trial,0.27,1.2,4.36
003,c4,新房,v9,4.52m α14.5°,beyond_occ,球R,miss,0.64,station,,,
003,c4,新房,v9,4.52m α14.5°,beyond_occ,球L,hit,0.64,station,0.27,1.5,4.34
003,c4,新房,v9,4.52m α14.5°,beyond_occ,球L,miss,0.64,station,0.27,1.5,4.34
003,c4,新房,v9,4.52m α14.5°,beyond_occ,球M,miss,0.64,station,,,
003,c4,新房,v9,4.52m α14.5°,beyond_occ,球L,hit,0.65,trial,0.27,3.6,4.36
003,c4,新房,v9,4.52m α14.5°,beyond_occ,球M,miss,0.64,station,,,
003,c4,新房,v9,4.52m α14.5°,beyond_occ,球R,miss,0.64,station,,,
003,c4,新房,v9,4.52m α14.5°,beyond_occ,球M,miss,0.64,station,,,
003,c4,新房,v9,4.52m α14.5°,beyond_occ,球R,miss,0.64,station,,,
003,c4,新房,v9,4.52m α14.5°,beyond_occ,水瓶,extra,0.19,trial,0.25,2.6,4.36
003,c4,新房,v9,4.52m α14.5°,beyond_occ,水瓶,extra,0.19,trial,0.27,12.3,4.37
003,c4,新房,v9,4.52m α14.5°,beyond_occ,球L,extra,0.65,trial,0.25,6.8,4.35
003,c4,新房,v9,4.52m α14.5°,beyond_occ,水瓶,extra,0.19,trial,0.26,5.2,4.34
003,c4,新房,v9,4.52m α14.5°,beyond_occ,苹果粉,extra,1.57,trial,0.28,1.3,4.34
003,c4,新房,v9,4.52m α14.5°,beyond_occ,球L,extra,0.64,trial,0.29,3.0,4.35
003,c4,新房,v9,4.52m α14.5°,beyond_occ,水瓶,extra,0.19,trial,0.28,3.8,4.37
003,c4,新房,v9,4.52m α14.5°,beyond_occ,球L,extra,0.63,trial,0.3,1.1,4.28
003,c4,新房,v9,4.52m α14.5°,beyond_occ,球L,extra,0.63,trial,0.32,7.9,4.29
003,c4,新房,v9,4.52m α14.5°,beyond_occ,苹果粉,extra,1.57,trial,0.36,1.5,4.3
003,c4,新房,v9,4.52m α14.5°,beyond_occ,球L,extra,0.63,trial,0.31,1.7,4.31
003,c4,新房,v9,4.52m α14.5°,beyond_occ,苹果粉,extra,1.57,trial,0.28,1.9,4.3
003,c4,新房,v9,4.52m α14.5°,beyond_occ,水瓶,extra,0.18,trial,0.27,1.5,4.33
003,c4,新房,v9,4.52m α14.5°,beyond_occ,球L,extra,0.64,trial,0.32,2.5,4.34
003,c4,新房,v9,4.52m α14.5°,beyond_occ,苹果粉,extra,1.58,trial,0.32,1.2,4.29
003,c4,新房,v9,4.52m α14.5°,beyond_occ,球L,extra,0.64,trial,0.29,5.1,4.29
003,c4,新房,v9,4.52m α14.5°,beyond_occ,苹果粉,extra,1.57,trial,0.27,2.6,4.31
003,c4,新房,v9,4.52m α14.5°,beyond_occ,球L,extra,0.64,trial,0.27,21.2,4.32
c1_1,c4,新房,v9,4.25m α22.2°,beyond_occ,球L,hit,1.03,trial,0.38,3.2,4.04
c1_1,c4,新房,v9,4.25m α22.2°,beyond_occ,球R,miss,0.985,station,,,
c1_1,c4,新房,v9,4.25m α22.2°,beyond_occ,球R,miss,0.985,station,,,
c1_1,c4,新房,v9,4.25m α22.2°,beyond_occ,球M,miss,0.985,station,,,
c1_1,c4,新房,v9,4.25m α22.2°,beyond_occ,球M,miss,0.985,station,,,
c1_1,c4,新房,v9,4.25m α22.2°,beyond_occ,苹果粉,extra,1.75,trial,0.46,2.5,4.12
c1_1,c4,新房,v9,4.25m α22.2°,beyond_occ,球L,hit,0.94,trial,0.34,44.0,4.16
c1_1,c4,新房,v9,4.25m α22.2°,beyond_occ,球R,miss,0.985,station,,,
c1_1,c4,新房,v9,4.25m α22.2°,beyond_occ,球L,hit,0.985,station,0.28,41.5,4.18
c1_1,c4,新房,v9,4.25m α22.2°,beyond_occ,球L,hit,0.985,station,0.28,41.5,4.18
c1_1,c4,新房,v9,4.25m α22.2°,beyond_occ,球M,miss,0.985,station,,,
c1_1,c4,新房,v9,4.25m α22.2°,beyond_occ,球L,hit,0.92,trial,0.29,11.9,4.16
c1_1,c4,新房,v9,4.25m α22.2°,beyond_occ,球M,miss,0.985,station,,,
c1_1,c4,新房,v9,4.25m α22.2°,beyond_occ,球R,miss,0.985,station,,,
c1_1,c4,新房,v9,4.25m α22.2°,beyond_occ,球M,miss,0.985,station,,,
c1_1,c4,新房,v9,4.25m α22.2°,beyond_occ,球R,miss,0.985,station,,,
c1_2,c4,新房,v9,4.31m α26.9°,,球L,hit,1.02,trial,0.27,1.1,4.22
c1_2,c4,新房,v9,4.31m α26.9°,,球L,extra,1.05,trial,0.23,1.1,4.25
c1_2,c4,新房,v9,4.31m α26.9°,,球L,extra,1.04,trial,0.33,10.8,4.23
c1_2,c4,新房,v9,4.31m α26.9°,,球R,hit,1.02,station,0.31,12.8,4.29
c1_2,c4,新房,v9,4.31m α26.9°,,球R,hit,1.02,station,0.31,12.8,4.29
c1_2,c4,新房,v9,4.31m α26.9°,,球M,miss,1.02,station,,,
c1_2,c4,新房,v9,4.31m α26.9°,,球M,miss,1.02,station,,,
c1_2,c4,新房,v9,4.31m α26.9°,,球L,hit,1.04,trial,0.23,19.1,4.25
c1_2,c4,新房,v9,4.31m α26.9°,,球R,hit,0.81,trial,0.25,5.9,4.26
c1_2,c4,新房,v9,4.31m α26.9°,,球L,hit,1.02,station,0.31,8.5,4.26
c1_2,c4,新房,v9,4.31m α26.9°,,球L,hit,1.02,station,0.31,8.5,4.26
c1_2,c4,新房,v9,4.31m α26.9°,,球M,hit,0.65,trial,0.25,6.5,4.26
c1_2,c4,新房,v9,4.31m α26.9°,,球L,hit,1.03,trial,0.27,3.4,4.26
c1_2,c4,新房,v9,4.31m α26.9°,,球M,hit,0.65,trial,0.28,3.4,4.27
c1_2,c4,新房,v9,4.31m α26.9°,,球L,extra,1.04,trial,0.24,13.2,4.25
c1_2,c4,新房,v9,4.31m α26.9°,,球R,hit,0.81,trial,0.29,6.4,4.26
c1_2,c4,新房,v9,4.31m α26.9°,,球M,hit,0.65,trial,0.23,11.6,4.26
c1_2,c4,新房,v9,4.31m α26.9°,,球R,miss,1.02,station,,,
c1_3,c4,新房,v9,3.77m α26.7°,,球L,hit,1.19,trial,0.32,7.9,3.72
c1_3,c4,新房,v9,3.77m α26.7°,,球M,extra,0.77,trial,0.28,1.0,3.74
c1_3,c4,新房,v9,3.77m α26.7°,,球R,hit,0.96,station,0.29,3.5,3.75
c1_3,c4,新房,v9,3.77m α26.7°,,球R,miss,0.96,station,0.29,3.5,3.75
c1_3,c4,新房,v9,3.77m α26.7°,,球M,hit,0.96,station,0.23,2.4,3.75
c1_3,c4,新房,v9,3.77m α26.7°,,球M,miss,0.96,station,0.23,2.4,3.75
c1_3,c4,新房,v9,3.77m α26.7°,,球L,miss,0.96,station,,,
c1_3,c4,新房,v9,3.77m α26.7°,,球R,hit,0.96,trial,0.25,1.5,3.74
c1_3,c4,新房,v9,3.77m α26.7°,,球L,hit,0.96,station,0.23,9.1,3.73
c1_3,c4,新房,v9,3.77m α26.7°,,球L,hit,0.96,station,0.23,9.1,3.73
c1_3,c4,新房,v9,3.77m α26.7°,,球M,hit,0.77,trial,0.3,6.3,3.73
c1_3,c4,新房,v9,3.77m α26.7°,,球R,extra,0.96,trial,0.25,2.2,3.71
c1_3,c4,新房,v9,3.77m α26.7°,,球L,hit,1.2,trial,0.28,6.4,3.71
c1_3,c4,新房,v9,3.77m α26.7°,,球M,miss,0.96,station,,,
c1_3,c4,新房,v9,3.77m α26.7°,,球R,hit,0.95,trial,0.28,5.7,3.73
c1_3,c4,新房,v9,3.77m α26.7°,,球L,extra,1.19,trial,0.27,1.0,3.71
c1_3,c4,新房,v9,3.77m α26.7°,,球L,extra,1.19,trial,0.23,32.8,3.74
c1_3,c4,新房,v9,3.77m α26.7°,,水瓶,extra,0.54,trial,0.25,6.7,3.72
c1_3,c4,新房,v9,3.77m α26.7°,,球L,extra,1.21,trial,0.23,6.7,3.7
c1_3,c4,新房,v9,3.77m α26.7°,,球M,hit,0.77,trial,0.22,4.5,3.72
c1_3,c4,新房,v9,3.77m α26.7°,,球R,miss,0.96,station,,,
u3,u3,新房,v9,2.5m 边走,walking,球L,hit,1.18,trial,0.47,3.0,2.88
u3,u3,新房,v9,2.5m 边走,walking,球M,hit,1.14,trial,0.41,1.2,2.77
u3,u3,新房,v9,2.5m 边走,walking,球R,hit,1.91,trial,0.31,3.5,2.37
u3,u3,新房,v9,2.5m 边走,walking,球R,extra,1.98,trial,0.42,1.4,2.35
u3,u3,新房,v9,2.5m 边走,walking,球M,hit,1.66,trial,0.57,1.9,2.86
u3,u3,新房,v9,2.5m 边走,walking,球R,hit,1.68,trial,0.42,3.3,2.48
u3,u3,新房,v9,2.5m 边走,walking,球L,hit,1.33,trial,0.67,1.6,2.68
u3,u3,新房,v9,2.5m 边走,walking,球L,extra,1.55,trial,0.32,1.5,2.38
u3,u3,新房,v9,2.5m 边走,walking,球M,hit,1.72,trial,0.56,1.1,2.26
u3,u3,新房,v9,2.5m 边走,walking,球R,hit,1.82,trial,0.36,4.2,2.54
u3,u3,新房,v9,2.5m 边走,walking,球L,hit,1.29,trial,0.49,5.7,2.71
u3,u3,新房,v9,2.5m 边走,walking,球R,hit,1.65,trial,0.48,1.5,2.61
u3,u3,新房,v9,2.5m 边走,walking,球R,extra,2.75,trial,0.67,1.9,1.84
u3,u3,新房,v9,2.5m 边走,walking,球L,hit,1.69,trial,0.66,3.8,2.23
u3,u3,新房,v9,2.5m 边走,walking,水瓶,extra,0.86,trial,0.32,1.1,2.9
u3,u3,新房,v9,2.5m 边走,walking,球M,hit,1.7,trial,0.55,3.4,2.29
u3,u3,新房,v9,2.5m 边走,walking,球R,miss,1.66,station,,,
u3,u3,新房,v9,2.5m 边走,walking,白杯1,extra,1.07,trial,0.26,1.8,3.1
u3,u3,新房,v9,2.5m 边走,walking,球M,extra,1.16,trial,0.26,1.6,3.29
u3,u3,新房,v9,2.5m 边走,walking,苹果粉,extra,1.68,trial,0.51,3.8,3.1
u3,u3,新房,v9,2.5m 边走,walking,球L,hit,1.28,trial,0.49,1.5,2.91
u3,u3,新房,v9,2.5m 边走,walking,球M,hit,2.58,trial,0.72,4.1,1.64
