rec,k,target,tier,occl,flags,theta_unit,dist_m,reliable,v2s15_first,v2s15_obj,v2s15_cap,v2s15_share,v2s15_A,v2s15_any,v2s15_lcs,mass15_first,mass15_obj,mass15_cap,mass15_share,mass15_A,mass15_any,mass15_lcs,v2s15_best_target_cap,mass15_best_target_cap,v2s15_best_wrong_cap,mass15_best_wrong_cap
2026_08_16/000,1,苹果,≥2.5°,clear,,4.22,1.66,1,correct,苹果,1.085,0.943,0.026,mixed,hit,correct,苹果,1.085,0.943,0.026,mixed,hit,1.085,1.085,0.327,0.327
2026_08_16/000,2,球M,≥2.5°,clear,,8.3,1.42,1,correct,球M,0.685,1.0,0.0,correct_only,hit,correct,球M,0.685,1.0,0.0,correct_only,hit,1.165,1.165,,
2026_08_16/000,3,石榴,≥2.5°,clear,,6.01,1.64,1,correct,石榴,0.798,1.0,0.0,correct_only,hit,correct,石榴,0.798,1.0,0.0,correct_only,hit,0.798,0.798,,
2026_08_16/000,4,香蕉,≥2.5°,clear,,4.22,1.52,1,correct,香蕉,0.421,0.989,0.024,correct_only,hit,correct,香蕉,0.421,0.989,0.024,correct_only,hit,0.459,0.459,0.03,
2026_08_16/000,5,球R,≥2.5°,clear,,6.01,2.08,1,correct,球R,0.267,1.0,0.0,correct_only,hit,correct,球R,0.267,1.0,0.0,correct_only,hit,0.486,0.486,,
2026_08_16/000,6,球L,≥2.5°,clear,,5.53,1.46,1,correct,球L,0.66,0.906,0.05,mixed,hit,correct,球L,0.66,0.906,0.05,mixed,hit,0.689,0.689,0.284,0.284
2026_08_16/000,7,球M,≥2.5°,clear,,8.3,1.46,1,correct,球M,0.712,1.0,0.0,correct_only,hit,correct,球M,0.712,1.0,0.0,correct_only,hit,0.917,0.917,,
2026_08_16/000,8,石榴,≥2.5°,clear,,6.01,1.65,1,correct,石榴,0.568,1.0,0.0,correct_only,hit,correct,石榴,0.568,1.0,0.0,correct_only,hit,0.568,0.568,,
2026_08_16/000,9,香蕉,≥2.5°,clear,,4.22,1.6,1,correct,香蕉,0.451,0.97,0.067,correct_only,hit,correct,香蕉,0.451,0.97,0.067,correct_only,hit,0.451,0.451,0.342,
2026_08_16/000,10,球L,≥2.5°,clear,,5.53,1.49,1,correct,球L,0.419,0.55,0.372,correct_only,hit,correct,球L,0.419,0.55,0.372,correct_only,hit,0.419,0.419,,
2026_08_16/000,11,苹果,≥2.5°,clear,,4.22,1.66,1,correct,苹果,0.619,0.818,0.095,correct_only,hit,correct,苹果,0.619,0.818,0.095,correct_only,hit,0.619,0.619,,
2026_08_16/000,12,球R,≥2.5°,clear,,6.01,1.47,1,correct,球R,0.428,1.0,0.0,correct_only,hit,correct,球R,0.428,1.0,0.0,correct_only,hit,0.428,0.428,,
2026_08_16/001,1,球L,1.0–2.5°,occluded(front-capture),stress,2.1,3.17,0,correct,球L,0.222,0.766,0.077,correct_only,hit,correct,球L,0.222,0.766,0.077,correct_only,hit,0.222,0.222,,
2026_08_16/001,2,球R,1.0–2.5°,occluded(front-capture),stress,1.56,3.31,0,wrong,球L,0.661,0.433,0.443,mixed,hit,correct,球R,0.996,0.643,0.364,correct_only,hit,0.996,0.996,0.661,0.661
2026_08_16/001,3,苹果,1.0–2.5°,occluded(front-capture),stress,1.38,,0,unknown,,,,,unknown,miss,unknown,,,,,unknown,miss,,,,
2026_08_16/001,4,石榴,1.0–2.5°,occluded(front-capture),stress,1.56,,0,unknown,,,,,unknown,miss,unknown,,,,,unknown,miss,,,,
2026_08_16/001,5,球M,≥2.5°,occluded(front-capture),stress,3.21,3.61,0,correct,球M,0.459,0.988,0.002,correct_only,hit,correct,球M,0.459,0.988,0.002,correct_only,hit,0.459,0.459,,
2026_08_16/001,6,香蕉,1.0–2.5°,occluded(front-capture),stress,1.38,,0,unknown,,,,,unknown,miss,unknown,,,,,unknown,hit,,,,
2026_08_16/001,7,苹果,1.0–2.5°,occluded(front-capture),stress,1.38,,0,unknown,,,,,unknown,miss,unknown,,,,,unknown,miss,,,,
2026_08_16/001,8,石榴,1.0–2.5°,occluded(front-capture),stress,1.56,,0,unknown,,,,,unknown,miss,unknown,,,,,unknown,miss,,,,
2026_08_16/001,9,香蕉,1.0–2.5°,occluded(front-capture),stress,1.38,,0,unknown,,,,,unknown,miss,unknown,,,,,unknown,hit,,,,
2026_08_16/001,10,球R,1.0–2.5°,occluded(front-capture),stress,1.56,3.33,0,correct,球R,0.794,0.524,0.587,correct_only,hit,correct,球R,0.794,0.524,0.587,correct_only,hit,0.794,0.794,,
2026_08_16/001,11,球L,1.0–2.5°,occluded(front-capture),stress,2.1,3.28,0,correct,球L,0.243,0.524,0.247,correct_only,hit,correct,球L,0.243,0.524,0.247,correct_only,hit,0.379,0.243,,0.113
2026_08_16/001,12,球M,≥2.5°,occluded(front-capture),stress,3.21,3.71,0,correct,球M,0.72,0.995,0.001,correct_only,hit,correct,球M,0.72,0.995,0.001,correct_only,hit,1.544,1.544,,
2026_08_16/s1,1,球R,≥2.5°,clear,,5.41,1.61,1,correct,球R,1.042,1.0,0.0,correct_only,hit,correct,球R,1.042,1.0,0.0,correct_only,hit,1.167,1.167,,
2026_08_16/s1,2,球L,≥2.5°,clear,,5.02,1.53,1,correct,球L,0.915,0.977,0.011,correct_only,hit,correct,球L,0.915,0.977,0.011,correct_only,hit,0.915,0.915,,
2026_08_16/s1,3,球M,≥2.5°,clear,,7.69,1.49,1,correct,球M,1.273,1.0,0.0,correct_only,hit,correct,球M,1.273,1.0,0.0,correct_only,hit,1.273,1.273,,
2026_08_16/s1,4,球L,≥2.5°,clear,,5.02,1.54,1,correct,球L,0.849,0.971,0.013,correct_only,hit,correct,球L,0.849,0.971,0.013,correct_only,hit,0.9,0.9,,0.162
2026_08_16/s1,5,球M,≥2.5°,clear,,7.69,1.5,1,correct,球M,1.3,1.0,0.0,correct_only,hit,correct,球M,1.3,1.0,0.0,correct_only,hit,1.3,1.3,,
2026_08_16/s1,6,球M,≥2.5°,clear,,7.69,1.49,1,correct,球M,1.324,1.0,0.0,correct_only,hit,correct,球M,1.324,1.0,0.0,correct_only,hit,1.352,1.352,,
2026_08_16/s1,7,球R,≥2.5°,clear,,5.41,1.59,1,correct,球R,1.128,1.0,0.0,correct_only,hit,correct,球R,1.128,1.0,0.0,correct_only,hit,1.189,1.189,,
2026_08_16/s1,8,球L,≥2.5°,clear,,5.02,1.56,1,correct,球L,0.806,1.0,0.0,correct_only,hit,correct,球L,0.806,1.0,0.0,correct_only,hit,0.937,0.937,,
2026_08_16/s1,9,球L,≥2.5°,clear,,5.02,1.58,1,correct,球L,0.767,1.0,0.0,correct_only,hit,correct,球L,0.767,1.0,0.0,correct_only,hit,0.767,0.767,,
2026_08_16/s1,10,球M,≥2.5°,clear,,7.69,1.56,1,correct,球M,0.979,1.0,0.0,correct_only,hit,correct,球M,0.979,1.0,0.0,correct_only,hit,1.358,1.358,,
2026_08_16/s1,11,球R,≥2.5°,clear,,5.41,1.6,1,correct,球R,0.73,1.0,0.0,correct_only,hit,correct,球R,0.73,1.0,0.0,correct_only,hit,0.73,0.73,,
2026_08_16/s1,12,球M,≥2.5°,clear,,7.69,1.5,1,correct,球M,1.16,1.0,0.0,correct_only,hit,correct,球M,1.16,1.0,0.0,correct_only,hit,1.413,1.413,,
2026_08_16/s1,13,球R,≥2.5°,clear,,5.41,1.61,1,correct,球R,1.141,1.0,0.0,correct_only,hit,correct,球R,1.141,1.0,0.0,correct_only,hit,1.141,1.141,,
2026_08_16/s1,14,球R,≥2.5°,clear,,5.41,1.62,1,correct,球R,1.06,0.998,0.001,correct_only,hit,correct,球R,1.06,0.998,0.001,correct_only,hit,1.06,1.06,,
2026_08_16/s1,15,球L,≥2.5°,clear,,5.02,1.59,1,correct,球L,0.718,1.0,0.0,correct_only,hit,correct,球L,0.718,1.0,0.0,correct_only,hit,0.718,0.718,,
2026_08_16/s2,1,球M,≥2.5°,clear,,4.47,2.35,1,correct,球M,1.246,1.0,0.0,correct_only,hit,correct,球M,1.246,1.0,0.0,correct_only,hit,1.246,1.246,,
2026_08_16/s2,2,球R,≥2.5°,clear,,2.55,2.48,1,correct,球R,0.838,0.858,0.138,correct_only,hit,correct,球R,0.838,0.858,0.138,correct_only,hit,0.838,0.838,,
2026_08_16/s2,3,球M,≥2.5°,clear,,4.47,2.45,1,correct,球M,1.703,1.0,0.0,correct_only,hit,correct,球M,1.703,1.0,0.0,correct_only,hit,1.703,1.703,,
2026_08_16/s2,4,球R,≥2.5°,clear,,2.55,2.49,1,correct,球R,1.26,0.775,0.21,correct_only,hit,correct,球R,1.26,0.775,0.21,correct_only,hit,1.346,1.346,,
2026_08_16/s2,5,球L,≥2.5°,clear,,2.85,2.43,1,correct,球L,0.735,0.497,0.331,mixed,hit,correct,球L,0.735,0.497,0.211,mixed,hit,0.735,0.735,0.239,0.239
2026_08_16/s2,6,球R,≥2.5°,clear,,2.55,2.46,1,correct,球R,1.067,0.76,0.264,correct_only,hit,correct,球R,1.067,0.76,0.264,correct_only,hit,1.067,1.067,,
2026_08_16/s2,7,球M,≥2.5°,clear,,4.47,2.45,1,correct,球M,1.6,0.995,0.001,correct_only,hit,correct,球M,1.6,0.995,0.001,mixed,hit,1.6,1.6,0.585,0.343
2026_08_16/s2,8,球L,≥2.5°,clear,,2.85,2.47,1,correct,球L,0.831,0.53,0.336,correct_only,hit,correct,球L,0.831,0.53,0.159,correct_only,hit,0.831,0.831,,
2026_08_16/s2,9,球R,≥2.5°,clear,,2.55,2.55,1,correct,球R,1.059,0.842,0.136,correct_only,hit,correct,球R,1.059,0.842,0.136,correct_only,hit,1.059,1.059,,
2026_08_16/s2,10,球R,≥2.5°,clear,,2.55,2.52,1,correct,球R,1.31,0.699,0.312,correct_only,hit,correct,球R,1.31,0.699,0.312,correct_only,hit,1.31,1.31,,
2026_08_16/s2,11,球M,≥2.5°,clear,,4.47,2.39,1,correct,球M,1.667,0.988,0.003,correct_only,hit,correct,球M,1.667,0.988,0.003,correct_only,hit,1.877,1.877,,
2026_08_16/s2,12,球L,≥2.5°,clear,,2.85,2.47,1,correct,球L,0.748,0.618,0.151,correct_only,hit,correct,球L,0.748,0.618,0.151,correct_only,hit,0.781,0.781,,
2026_08_16/s2,13,球M,≥2.5°,clear,,4.47,2.4,1,correct,球M,1.468,1.0,0.0,correct_only,hit,correct,球M,1.468,1.0,0.0,correct_only,hit,1.809,1.809,,
2026_08_16/s2,14,球L,≥2.5°,clear,,2.85,2.47,1,correct,球L,0.728,0.447,0.359,correct_only,hit,wrong,香蕉,0.238,0.67,1.076,mixed,hit,0.77,0.77,0.256,0.238
2026_08_16/s2,15,球L,≥2.5°,clear,,2.85,2.46,1,correct,球L,0.873,0.5,0.364,mixed,hit,correct,球L,0.873,0.5,0.183,mixed,hit,0.873,0.873,0.594,0.594
2026_08_16/s3,1,球M,≥2.5°,clear,,3.19,3.45,1,correct,球M,0.318,1.0,0.0,correct_only,hit,correct,球M,0.318,1.0,0.0,correct_only,hit,0.651,0.651,,
2026_08_16/s3,2,球L,1.0–2.5°,clear,,2.0,3.35,1,correct,球L,0.388,0.627,0.137,correct_only,hit,correct,球L,0.388,0.627,0.137,correct_only,hit,0.388,0.388,,
2026_08_16/s3,3,球L,1.0–2.5°,clear,,2.0,3.35,1,correct,球L,0.396,0.705,0.157,correct_only,hit,correct,球L,0.396,0.705,0.071,correct_only,hit,0.396,0.396,,
2026_08_16/s3,4,球M,≥2.5°,clear,,3.19,3.91,1,correct,球M,1.518,0.829,0.045,correct_only,hit,correct,球M,1.518,0.829,0.045,correct_only,hit,2.133,2.133,,
2026_08_16/s3,5,球R,1.0–2.5°,clear,,1.53,3.4,1,correct,球R,0.595,0.741,0.276,correct_only,hit,correct,球R,0.595,0.741,0.276,correct_only,hit,0.595,0.595,,
2026_08_16/s3,6,球R,1.0–2.5°,clear,,1.53,3.39,1,correct,球R,0.605,0.709,0.324,correct_only,hit,correct,球R,0.605,0.709,0.324,correct_only,hit,0.605,0.605,,
2026_08_16/s3,7,球L,1.0–2.5°,clear,,2.0,3.34,1,correct,球L,0.419,0.557,0.174,correct_only,hit,correct,球L,0.419,0.557,0.174,correct_only,hit,0.677,0.677,0.577,0.192
2026_08_16/s3,8,球L,1.0–2.5°,clear,,2.0,3.35,1,correct,球L,0.447,0.709,0.154,correct_only,hit,correct,球L,0.447,0.709,0.069,correct_only,hit,0.447,0.447,,
2026_08_16/s3,9,球M,≥2.5°,clear,,3.19,3.4,1,correct,球M,1.847,0.885,0.028,correct_only,hit,correct,球M,1.847,0.885,0.028,correct_only,hit,1.923,1.923,,
2026_08_16/s3,10,球R,1.0–2.5°,clear,,1.53,3.4,1,wrong,球M,0.843,0.833,0.114,mixed,hit,wrong,球M,0.843,0.833,0.114,mixed,hit,1.019,1.019,0.843,0.843
2026_08_16/s3,11,球L,1.0–2.5°,clear,,2.0,3.35,1,correct,球L,0.537,0.509,0.356,correct_only,hit,correct,球L,0.537,0.509,0.168,correct_only,hit,0.537,0.537,,
2026_08_16/s3,12,球M,≥2.5°,clear,,3.19,4.0,1,correct,球M,1.956,0.98,0.005,correct_only,hit,correct,球M,1.956,0.98,0.005,correct_only,hit,1.956,1.956,,
2026_08_16/s3,13,球R,1.0–2.5°,clear,,1.53,3.38,1,correct,球R,0.586,0.822,0.171,correct_only,hit,correct,球R,0.586,0.822,0.171,correct_only,hit,0.586,0.586,,
2026_08_16/s3,14,球M,≥2.5°,clear,,3.19,3.39,1,correct,球M,0.857,0.998,0.001,correct_only,hit,correct,球M,0.857,0.998,0.001,correct_only,hit,1.773,1.773,0.409,0.114
2026_08_16/s3,15,球R,1.0–2.5°,clear,,1.53,3.38,1,correct,球R,0.825,0.633,0.381,correct_only,hit,correct,球R,0.825,0.633,0.381,correct_only,hit,0.825,0.825,,
2026_08_16/s4,1,球L,1.0–2.5°,clear,,1.67,3.81,1,correct,球L,0.341,0.929,0.023,correct_only,hit,correct,球L,0.341,0.929,0.023,correct_only,hit,0.378,0.378,,
2026_08_16/s4,2,球L,1.0–2.5°,clear,,1.67,3.83,1,correct,球L,0.359,0.927,0.022,correct_only,hit,correct,球L,0.359,0.927,0.022,correct_only,hit,0.359,0.359,,
2026_08_16/s4,3,球M,≥2.5°,clear,,2.82,3.81,1,wrong,球L,0.895,0.671,0.215,mixed,hit,wrong,球L,0.895,0.671,0.079,mixed,hit,0.849,0.849,0.895,0.895
2026_08_16/s4,4,球R,1.0–2.5°,clear,,1.28,3.89,1,wrong,球M,0.239,0.911,0.096,mixed,hit,wrong,球M,0.239,0.911,0.096,mixed,hit,0.25,0.25,0.239,0.239
2026_08_16/s4,5,球R,1.0–2.5°,clear,,1.28,3.83,1,correct,球R,0.216,1.0,0.0,correct_only,hit,correct,球R,0.216,1.0,0.0,correct_only,hit,0.216,0.216,0.004,0.004
2026_08_16/s4,6,球M,≥2.5°,clear,,2.82,3.87,1,wrong,球R,0.552,0.67,0.611,mixed,hit,wrong,球R,0.552,0.67,0.611,mixed,hit,0.919,0.919,0.552,0.552
2026_08_16/s4,7,球M,≥2.5°,clear,,2.82,3.9,1,correct,球M,1.102,0.864,0.036,correct_only,hit,correct,球M,1.102,0.864,0.036,correct_only,hit,1.102,1.102,,
2026_08_16/s4,8,球L,1.0–2.5°,clear,,1.67,3.79,1,wrong,球M,1.259,0.961,0.037,mixed,hit,wrong,球M,1.259,0.961,0.037,mixed,hit,1.071,1.071,1.259,1.259
2026_08_16/s4,9,球R,1.0–2.5°,clear,,1.28,3.79,1,wrong,球L,0.253,0.949,0.016,mixed,hit,wrong,球L,0.253,0.949,0.016,mixed,hit,0.661,0.661,0.629,0.629
2026_08_16/s4,10,球M,≥2.5°,clear,,2.82,3.81,1,wrong,球R,0.227,1.0,0.0,wrong_only,miss,wrong,球R,0.227,1.0,0.0,wrong_only,miss,,,0.828,0.828
2026_08_16/s4,11,球R,1.0–2.5°,clear,,1.28,3.8,1,wrong,球M,1.062,0.556,0.202,mixed,hit,wrong,球M,1.062,0.556,0.135,mixed,hit,0.443,0.443,1.062,1.062
2026_08_16/s4,12,球R,1.0–2.5°,clear,,1.28,3.91,1,correct,球R,0.477,0.792,0.327,correct_only,hit,correct,球R,0.477,0.792,0.327,correct_only,hit,0.477,0.477,,
2026_08_16/s4,13,球M,≥2.5°,clear,,2.82,3.81,1,correct,球M,1.18,0.936,0.019,correct_only,hit,correct,球M,1.18,0.936,0.019,correct_only,hit,1.18,1.18,,
2026_08_16/s4,14,球L,1.0–2.5°,clear,,1.67,3.77,1,correct,球L,1.009,0.725,0.169,correct_only,hit,correct,球L,1.009,0.725,0.06,correct_only,hit,1.009,1.009,,
2026_08_16/s4,15,球L,1.0–2.5°,clear,,1.67,3.77,1,correct,球L,0.684,0.581,0.164,correct_only,hit,correct,球L,0.684,0.581,0.135,correct_only,hit,0.822,0.822,,
2026_08_16/s6,1,球L,<1.0°,clear,,0.56,4.43,1,correct,球L,0.683,0.669,0.283,correct_only,hit,correct,球L,0.683,0.669,0.283,correct_only,hit,1.124,1.124,,
2026_08_16/s6,2,球M,1.0–2.5°,clear,,1.79,4.53,1,correct,球M,0.971,0.745,0.256,correct_only,hit,correct,球M,0.971,0.745,0.256,correct_only,hit,0.971,0.971,,
2026_08_16/s6,3,球R,1.0–2.5°,clear,,1.85,4.58,1,correct,球R,0.398,0.708,0.239,correct_only,hit,correct,球R,0.398,0.708,0.239,correct_only,hit,0.398,0.398,,
2026_08_16/s6,4,球R,1.0–2.5°,clear,,1.85,4.54,1,correct,球R,0.577,0.745,0.305,correct_only,hit,correct,球R,0.577,0.745,0.305,correct_only,hit,0.577,0.577,,
2026_08_16/s6,5,球M,1.0–2.5°,clear,,1.79,4.46,1,correct,球M,1.301,0.747,0.272,correct_only,hit,correct,球M,1.301,0.747,0.272,correct_only,hit,1.301,1.301,,
2026_08_16/s6,6,球R,1.0–2.5°,clear,,1.85,4.54,1,correct,球R,0.432,0.526,0.431,mixed,hit,correct,球R,0.432,0.526,0.431,mixed,hit,0.432,0.432,1.292,1.292
2026_08_16/s6,7,球R,1.0–2.5°,clear,,1.85,4.6,1,correct,球R,0.618,0.543,0.43,correct_only,hit,correct,球R,0.618,0.543,0.43,correct_only,hit,0.618,0.618,,
2026_08_16/s6,8,球M,1.0–2.5°,clear,,1.79,4.55,1,correct,球M,0.927,0.789,0.16,correct_only,hit,correct,球M,0.927,0.789,0.16,correct_only,hit,0.927,0.927,,
2026_08_16/s6,9,球L,<1.0°,clear,,0.56,4.45,1,correct,球L,1.142,0.633,0.248,correct_only,hit,correct,球L,1.142,0.633,0.07,correct_only,hit,1.142,1.142,,
2026_08_16/s6,10,球M,1.0–2.5°,clear,,1.79,4.51,1,correct,球M,1.34,0.662,0.368,correct_only,hit,correct,球M,1.34,0.662,0.368,correct_only,hit,1.34,1.34,,
2026_08_16/s6,11,球L,<1.0°,clear,,0.56,4.41,1,correct,球L,1.278,0.639,0.344,mixed,hit,correct,球L,1.278,0.639,0.344,mixed,hit,1.402,1.402,1.368,1.368
2026_08_16/s6,12,球M,1.0–2.5°,clear,,1.79,4.55,1,correct,球M,1.58,0.692,0.365,correct_only,hit,correct,球M,1.58,0.692,0.365,correct_only,hit,1.58,1.58,0.662,0.662
2026_08_16/s6,13,球L,<1.0°,clear,,0.56,4.48,1,wrong,球M,1.126,0.627,0.325,mixed,hit,wrong,球M,1.126,0.627,0.325,mixed,hit,1.389,1.389,1.608,1.608
2026_08_16/s6,14,球R,1.0–2.5°,clear,,1.85,4.53,1,correct,球R,0.733,0.493,0.638,mixed,hit,correct,球R,0.733,0.493,0.638,mixed,hit,1.057,1.057,1.674,1.674
2026_08_16/s6,15,球L,<1.0°,clear,,0.56,4.39,1,correct,球L,1.568,0.605,0.302,correct_only,hit,correct,球L,1.568,0.605,0.107,correct_only,hit,1.568,1.568,,
2026_08_18/000,1,球L,≥2.5°,clear,,2.61,3.24,1,correct,球L,0.881,0.838,0.159,correct_only,hit,correct,球L,0.881,0.838,0.159,correct_only,hit,0.881,0.881,,
2026_08_18/000,2,球L,≥2.5°,clear,,2.61,3.01,1,correct,球L,0.746,0.916,0.058,correct_only,hit,correct,球L,0.746,0.916,0.058,correct_only,hit,0.832,0.832,,
2026_08_18/000,3,球R,1.0–2.5°,clear,,2.19,3.29,1,correct,球R,0.448,0.578,0.73,mixed,hit,correct,球R,0.448,0.578,0.73,mixed,hit,0.448,0.448,0.931,0.931
2026_08_18/000,4,球R,1.0–2.5°,clear,,2.19,3.37,1,correct,球R,0.363,0.543,0.84,mixed,miss,correct,球R,0.363,0.543,0.84,mixed,miss,0.363,0.363,0.772,0.772
2026_08_18/000,5,球M,1.0–2.5°,clear,,2.19,3.01,1,correct,球M,0.808,0.652,0.42,correct_only,hit,correct,球M,0.808,0.652,0.42,correct_only,hit,0.808,0.808,,
2026_08_18/000,6,球L,≥2.5°,clear,,2.61,3.02,1,correct,球L,1.287,0.735,0.214,correct_only,hit,correct,球L,1.287,0.735,0.214,correct_only,hit,1.287,1.287,,
2026_08_18/000,7,球M,1.0–2.5°,clear,,2.19,2.98,1,correct,球M,0.932,0.613,0.37,correct_only,hit,correct,球M,0.932,0.613,0.37,correct_only,hit,0.932,0.932,,
2026_08_18/000,8,球R,1.0–2.5°,clear,,2.19,3.08,1,wrong,球M,0.818,0.648,0.523,wrong_only,hit,wrong,球M,0.818,0.648,0.523,wrong_only,miss,,,0.974,0.974
2026_08_18/000,9,球R,1.0–2.5°,clear,,2.19,3.26,1,correct,球R,0.697,0.469,0.895,mixed,miss,wrong,球M,0.624,0.524,1.117,wrong_only,miss,0.697,,0.482,0.624
2026_08_18/000,10,球M,1.0–2.5°,clear,,2.19,2.99,1,correct,球M,0.863,0.639,0.368,correct_only,hit,correct,球M,0.863,0.639,0.368,correct_only,hit,0.919,0.919,,
2026_08_18/000,11,球L,≥2.5°,clear,,2.61,3.02,1,correct,球L,1.2,0.766,0.181,mixed,hit,correct,球L,1.2,0.766,0.181,mixed,hit,1.348,1.348,0.761,0.761
2026_08_18/000,12,球M,1.0–2.5°,clear,,2.19,3.08,1,correct,球M,0.924,0.618,0.356,correct_only,hit,correct,球M,0.924,0.618,0.356,correct_only,hit,0.992,0.992,,
2026_08_18/000,13,球R,1.0–2.5°,clear,,2.19,3.33,1,correct,球R,0.768,0.679,0.473,mixed,hit,correct,球R,0.768,0.679,0.473,mixed,hit,0.796,0.796,0.932,0.932
2026_08_18/000,14,球M,1.0–2.5°,clear,,2.19,3.08,1,correct,球M,0.953,0.667,0.316,correct_only,hit,correct,球M,0.953,0.667,0.316,correct_only,hit,0.977,0.977,,
2026_08_18/000,15,球L,≥2.5°,clear,,2.61,3.02,1,correct,球L,1.217,0.704,0.141,correct_only,hit,correct,球L,1.217,0.704,0.103,correct_only,hit,1.217,1.217,,
2026_08_20/000,1,球R,1.0–2.5°,clear,,2.17,2.16,1,correct,球R,0.792,0.643,0.13,correct_only,hit,correct,球R,0.792,0.643,0.13,correct_only,hit,0.836,0.836,,
2026_08_20/000,2,香蕉,<1.0°,clear,,0.41,2.25,1,wrong,球M,1.501,0.472,0.153,wrong_only,miss,wrong,球M,1.501,0.472,0.153,wrong_only,miss,,,1.501,1.501
2026_08_20/000,3,纸箱子,≥2.5°,clear,,24.07,3.06,1,correct,纸箱子,0.718,1.0,0.0,correct_only,hit,correct,纸箱子,0.718,1.0,0.0,correct_only,hit,0.718,0.718,,
2026_08_20/000,4,苹果粉,1.0–2.5°,clear,,2.09,2.24,1,correct,苹果粉,0.901,0.819,0.253,mixed,hit,correct,苹果粉,0.901,0.819,0.253,mixed,hit,0.901,0.901,1.174,1.174
2026_08_20/000,5,白杯1,1.0–2.5°,clear,,1.84,2.3,1,correct,白杯1,0.663,0.375,0.842,correct_only,miss,correct,白杯1,0.734,0.398,1.173,correct_only,hit,0.663,0.734,0.863,0.567
2026_08_20/000,6,水瓶,<1.0°,clear,,0.41,2.3,1,wrong,球M,1.205,0.615,0.079,wrong_only,miss,wrong,白杯1,0.785,0.398,1.232,mixed,hit,,0.563,1.205,1.205
2026_08_20/000,7,红杯,1.0–2.5°,clear,,1.84,2.31,1,wrong,白杯2,1.032,0.442,0.793,wrong_only,miss,wrong,白杯2,1.032,0.442,0.314,wrong_only,miss,,0.481,1.382,1.382
2026_08_20/000,8,苹果红,<1.0°,clear,,0.41,2.26,1,wrong,球L,1.279,0.432,0.533,wrong_only,miss,wrong,球L,1.279,0.432,0.533,wrong_only,miss,,,1.279,1.279
2026_08_20/000,9,球M,1.0–2.5°,clear,,1.83,2.23,1,correct,球M,0.483,0.699,0.153,mixed,hit,correct,球M,0.483,0.699,0.056,mixed,hit,1.508,1.508,1.007,1.007
2026_08_20/000,10,橘子,<1.0°,clear,,0.41,2.35,1,wrong,苹果红,0.916,0.378,0.466,wrong_only,miss,wrong,苹果红,0.916,0.378,0.368,wrong_only,miss,,,0.916,0.916
2026_08_20/000,11,球L,1.0–2.5°,clear,,1.71,2.29,1,correct,球L,1.036,0.506,0.309,mixed,hit,correct,球L,1.036,0.506,0.309,correct_only,hit,1.23,1.23,1.019,1.019
2026_08_20/000,12,白杯2,1.0–2.5°,clear,,2.03,2.31,1,correct,白杯2,1.076,0.498,0.477,correct_only,hit,correct,白杯2,1.076,0.498,0.337,mixed,hit,1.076,1.076,1.302,1.302
2026_08_20/001,1,球R,1.0–2.5°,clear,,1.28,2.72,0,correct,球R,1.269,0.407,0.272,correct_only,hit,correct,球R,1.269,0.407,0.259,correct_only,hit,1.269,1.269,,
2026_08_20/001,2,球R,1.0–2.5°,clear,,1.28,3.19,0,none,,,,,none,hit,none,,,,,none,hit,1.098,1.098,,
2026_08_20/001,3,苹果红,<1.0°,clear,,0.13,,0,unknown,,,,,unknown,miss,unknown,,,,,unknown,miss,,,,
2026_08_20/001,4,球L,1.0–2.5°,clear,,1.03,3.13,0,wrong,苹果粉,0.54,0.619,0.835,wrong_only,hit,wrong,苹果粉,0.54,0.619,0.835,wrong_only,hit,1.344,1.344,0.54,0.54
2026_08_20/001,5,苹果粉,1.0–2.5°,clear,,1.31,3.22,0,correct,苹果粉,1.08,0.683,0.608,correct_only,hit,correct,苹果粉,1.08,0.683,0.608,correct_only,hit,1.08,1.08,0.958,
2026_08_20/001,6,白杯1,1.0–2.5°,clear,,1.28,,0,unknown,,,,,unknown,miss,unknown,,,,,unknown,miss,,,,
2026_08_20/001,7,球M,<1.0°,clear,,0.89,3.27,0,none,,,,,none,hit,none,,,,,none,miss,1.598,1.598,,0.265
2026_08_20/001,8,白杯1,1.0–2.5°,clear,,1.28,,0,unknown,,,,,unknown,miss,unknown,,,,,unknown,miss,,,,
2026_08_20/001,9,苹果粉,1.0–2.5°,clear,,1.31,3.3,0,correct,苹果粉,0.626,0.636,0.824,correct_only,hit,correct,苹果粉,0.626,0.636,0.824,correct_only,hit,0.626,0.626,,
2026_08_20/001,10,球R,1.0–2.5°,clear,,1.28,3.28,0,none,,,,,none,hit,none,,,,,none,hit,1.543,1.543,1.226,0.778
2026_08_20/001,11,球M,<1.0°,clear,,0.89,3.25,0,correct,球M,0.764,0.368,0.491,correct_only,hit,correct,球M,0.764,0.368,0.105,correct_only,hit,1.3,1.3,0.378,0.378
2026_08_20/001,12,白杯2,,clear,,,3.27,0,none,,,,,none,miss,correct,白杯2,0.929,0.374,1.322,correct_only,hit,,0.929,1.228,
2026_08_20/001,13,白杯2,,clear,,,3.27,0,none,,,,,none,miss,correct,白杯2,0.929,0.374,1.322,correct_only,miss,,0.929,1.228,
2026_08_20/001,14,球L,1.0–2.5°,clear,,1.03,3.23,0,none,,,,,none,hit,none,,,,,none,hit,1.487,1.487,,0.661
2026_08_20/001,15,苹果红,<1.0°,clear,,0.13,3.24,0,none,,,,,none,miss,none,,,,,none,miss,,,1.188,0.363
2026_08_20/002,1,球L,<1.0°,occluded(beyond limit),beyond_occ,0.84,,0,unknown,,,,,unknown,hit,unknown,,,,,unknown,hit,,,,
2026_08_20/002,2,球R,<1.0°,occluded(beyond limit),beyond_occ,0.84,,0,unknown,,,,,unknown,miss,unknown,,,,,unknown,miss,,,,
2026_08_20/002,3,球R,<1.0°,occluded(beyond limit),beyond_occ,0.84,,0,unknown,,,,,unknown,miss,unknown,,,,,unknown,miss,,,,
2026_08_20/002,4,球M,<1.0°,occluded(beyond limit),beyond_occ,0.66,4.18,0,none,,,,,none,miss,none,,,,,none,miss,,,1.182,1.182
2026_08_20/002,5,球M,<1.0°,occluded(beyond limit),beyond_occ,0.66,4.18,0,none,,,,,none,miss,none,,,,,none,miss,,,1.182,1.182
2026_08_20/002,6,球L,<1.0°,occluded(beyond limit),beyond_occ,0.84,4.2,0,correct,球L,0.457,0.363,0.42,correct_only,hit,correct,球L,0.457,0.363,0.385,correct_only,hit,0.98,0.98,,0.417
2026_08_20/002,7,球R,<1.0°,occluded(beyond limit),beyond_occ,0.84,,0,unknown,,,,,unknown,miss,unknown,,,,,unknown,miss,,,,
2026_08_20/002,8,球L,<1.0°,occluded(beyond limit),beyond_occ,0.84,4.26,0,none,,,,,none,hit,none,,,,,none,hit,1.315,1.315,,
2026_08_20/002,9,球L,<1.0°,occluded(beyond limit),beyond_occ,0.84,4.26,0,none,,,,,none,hit,none,,,,,none,hit,1.315,1.315,,
2026_08_20/002,10,球M,<1.0°,occluded(beyond limit),beyond_occ,0.66,4.26,0,none,,,,,none,miss,none,,,,,none,miss,,,0.563,0.563
2026_08_20/002,11,球L,<1.0°,occluded(beyond limit),beyond_occ,0.84,4.29,0,wrong,苹果粉,0.889,0.372,0.855,wrong_only,hit,wrong,苹果粉,0.889,0.372,0.855,wrong_only,hit,1.248,1.248,0.889,0.889
2026_08_20/002,12,球M,<1.0°,occluded(beyond limit),beyond_occ,0.66,4.35,0,none,,,,,none,miss,none,,,,,none,miss,,,0.799,0.799
2026_08_20/002,13,球R,<1.0°,occluded(beyond limit),beyond_occ,0.84,4.33,0,none,,,,,none,hit,none,,,,,none,hit,1.052,1.052,,
2026_08_20/002,14,球M,<1.0°,occluded(beyond limit),beyond_occ,0.66,,0,unknown,,,,,unknown,miss,unknown,,,,,unknown,miss,,,,
2026_08_20/002,15,球R,<1.0°,occluded(beyond limit),beyond_occ,0.84,4.22,0,none,,,,,none,hit,none,,,,,none,hit,0.587,0.587,,
2026_08_20/003,1,球L,<1.0°,occluded(beyond limit),beyond_occ,0.64,4.27,0,none,,,,,none,hit,none,,,,,none,hit,0.697,0.697,,0.138
2026_08_20/003,2,球R,<1.0°,occluded(beyond limit),beyond_occ,0.63,,0,unknown,,,,,unknown,miss,unknown,,,,,unknown,miss,,,,
2026_08_20/003,3,球R,<1.0°,occluded(beyond limit),beyond_occ,0.63,,0,unknown,,,,,unknown,miss,unknown,,,,,unknown,miss,,,,
2026_08_20/003,4,球M,<1.0°,occluded(beyond limit),beyond_occ,0.63,,0,unknown,,,,,unknown,miss,unknown,,,,,unknown,miss,,,,
2026_08_20/003,5,球M,<1.0°,occluded(beyond limit),beyond_occ,0.63,,0,unknown,,,,,unknown,miss,unknown,,,,,unknown,miss,,,,
2026_08_20/003,6,球L,<1.0°,occluded(beyond limit),beyond_occ,0.64,4.36,0,none,,,,,none,hit,none,,,,,none,hit,0.412,0.412,,
2026_08_20/003,7,球R,<1.0°,occluded(beyond limit),beyond_occ,0.63,,0,unknown,,,,,unknown,miss,unknown,,,,,unknown,miss,,,,
2026_08_20/003,8,球L,<1.0°,occluded(beyond limit),beyond_occ,0.64,4.34,0,none,,,,,none,hit,none,,,,,none,hit,0.305,0.305,,
2026_08_20/003,9,球L,<1.0°,occluded(beyond limit),beyond_occ,0.64,4.34,0,none,,,,,none,miss,none,,,,,none,miss,0.305,0.305,,
2026_08_20/003,10,球M,<1.0°,occluded(beyond limit),beyond_occ,0.63,,0,unknown,,,,,unknown,miss,unknown,,,,,unknown,miss,,,,
2026_08_20/003,11,球L,<1.0°,occluded(beyond limit),beyond_occ,0.64,4.36,0,none,,,,,none,hit,none,,,,,none,hit,0.382,0.254,0.342,0.086
2026_08_20/003,12,球M,<1.0°,occluded(beyond limit),beyond_occ,0.63,,0,unknown,,,,,unknown,miss,unknown,,,,,unknown,miss,,,,
2026_08_20/003,13,球R,<1.0°,occluded(beyond limit),beyond_occ,0.63,4.39,0,none,,,,,none,miss,none,,,,,none,miss,,,0.333,0.092
2026_08_20/003,14,球M,<1.0°,occluded(beyond limit),beyond_occ,0.63,,0,unknown,,,,,unknown,miss,unknown,,,,,unknown,miss,,,,
2026_08_20/003,15,球R,<1.0°,occluded(beyond limit),beyond_occ,0.63,4.35,0,none,,,,,none,hit,none,,,,,none,miss,0.452,,,0.119
2026_08_25/c1_1,1,球L,<1.0°,occluded(beyond limit),beyond_occ,0.92,4.04,0,correct,球L,0.354,0.562,0.427,correct_only,hit,correct,球L,0.354,0.562,0.427,correct_only,hit,0.354,0.354,,
2026_08_25/c1_1,2,球R,<1.0°,occluded(beyond limit),beyond_occ,0.9,,0,unknown,,,,,unknown,miss,unknown,,,,,unknown,miss,,,,
2026_08_25/c1_1,3,球R,<1.0°,occluded(beyond limit),beyond_occ,0.9,,0,unknown,,,,,unknown,miss,unknown,,,,,unknown,miss,,,,
2026_08_25/c1_1,4,球M,<1.0°,occluded(beyond limit),beyond_occ,0.68,,0,unknown,,,,,unknown,miss,unknown,,,,,unknown,hit,,,,
2026_08_25/c1_1,5,球M,<1.0°,occluded(beyond limit),beyond_occ,0.68,,0,unknown,,,,,unknown,miss,unknown,,,,,unknown,miss,,,,
2026_08_25/c1_1,6,球L,<1.0°,occluded(beyond limit),beyond_occ,0.92,4.12,0,none,,,,,none,miss,none,,,,,none,hit,0.178,0.178,,
2026_08_25/c1_1,7,球R,<1.0°,occluded(beyond limit),beyond_occ,0.9,,0,unknown,,,,,unknown,miss,unknown,,,,,unknown,miss,,,,
2026_08_25/c1_1,8,球L,<1.0°,occluded(beyond limit),beyond_occ,0.92,4.13,0,none,,,,,none,hit,none,,,,,none,hit,0.236,0.236,0.243,0.243
2026_08_25/c1_1,9,球L,<1.0°,occluded(beyond limit),beyond_occ,0.92,4.16,0,correct,球L,0.474,0.364,0.559,correct_only,hit,correct,球L,0.474,0.364,0.559,correct_only,hit,0.474,0.474,,
2026_08_25/c1_1,10,球M,<1.0°,occluded(beyond limit),beyond_occ,0.68,4.18,0,none,,,,,none,hit,none,,,,,none,miss,,,0.344,0.344
2026_08_25/c1_1,11,球L,<1.0°,occluded(beyond limit),beyond_occ,0.92,4.18,0,correct,球L,0.652,0.353,0.44,correct_only,hit,correct,球L,0.652,0.353,0.44,correct_only,hit,0.769,0.769,,
2026_08_25/c1_1,12,球M,<1.0°,occluded(beyond limit),beyond_occ,0.68,4.2,0,none,,,,,none,miss,none,,,,,none,miss,,,0.986,0.986
2026_08_25/c1_1,13,球R,<1.0°,occluded(beyond limit),beyond_occ,0.9,,0,unknown,,,,,unknown,miss,unknown,,,,,unknown,miss,,,,
2026_08_25/c1_1,14,球M,<1.0°,occluded(beyond limit),beyond_occ,0.68,4.19,0,none,,,,,none,hit,none,,,,,none,miss,1.012,,,0.205
2026_08_25/c1_1,15,球R,<1.0°,occluded(beyond limit),beyond_occ,0.9,,0,unknown,,,,,unknown,miss,unknown,,,,,unknown,miss,,,,
2026_08_25/c1_2,1,球L,1.0–2.5°,clear,,1.04,4.23,1,correct,球L,0.435,0.383,0.697,correct_only,hit,correct,球L,0.435,0.383,0.697,correct_only,hit,0.435,0.435,,
2026_08_25/c1_2,2,球R,<1.0°,clear,,0.81,4.27,1,correct,球R,0.422,0.379,0.609,correct_only,hit,correct,球R,0.422,0.379,0.609,correct_only,hit,0.422,0.422,,
2026_08_25/c1_2,3,球R,<1.0°,clear,,0.81,4.29,1,none,,,,,none,hit,none,,,,,none,hit,0.64,0.64,,
2026_08_25/c1_2,4,球M,<1.0°,clear,,0.65,4.25,1,none,,,,,none,hit,none,,,,,none,hit,0.702,0.702,,
2026_08_25/c1_2,5,球M,<1.0°,clear,,0.65,4.25,1,none,,,,,none,hit,none,,,,,none,hit,1.049,1.049,,
2026_08_25/c1_2,6,球L,1.0–2.5°,clear,,1.04,4.24,1,none,,,,,none,hit,none,,,,,none,hit,1.064,1.064,,
2026_08_25/c1_2,7,球R,<1.0°,clear,,0.81,4.26,1,none,,,,,none,hit,none,,,,,none,hit,0.872,0.872,,
2026_08_25/c1_2,8,球L,1.0–2.5°,clear,,1.04,4.26,1,none,,,,,none,hit,none,,,,,none,hit,0.447,0.447,,
2026_08_25/c1_2,9,球L,1.0–2.5°,clear,,1.04,4.26,1,none,,,,,none,hit,none,,,,,none,hit,0.519,0.519,,
2026_08_25/c1_2,10,球M,<1.0°,clear,,0.65,4.27,1,none,,,,,none,hit,none,,,,,none,hit,,,0.444,0.444
2026_08_25/c1_2,11,球L,1.0–2.5°,clear,,1.04,4.22,1,none,,,,,none,hit,none,,,,,none,hit,0.985,0.985,,
2026_08_25/c1_2,12,球M,<1.0°,clear,,0.65,4.25,1,none,,,,,none,miss,none,,,,,none,miss,,,1.033,1.033
2026_08_25/c1_2,13,球R,<1.0°,clear,,0.81,4.26,1,none,,,,,none,hit,none,,,,,none,hit,0.587,0.587,,
2026_08_25/c1_2,14,球M,<1.0°,clear,,0.65,4.26,1,none,,,,,none,hit,none,,,,,none,hit,0.812,0.812,,
2026_08_25/c1_2,15,球R,<1.0°,clear,,0.81,4.26,1,none,,,,,none,hit,none,,,,,none,hit,0.909,0.909,,
2026_08_25/c1_3,1,球L,1.0–2.5°,clear,,1.19,3.72,0,correct,球L,0.693,0.41,0.587,correct_only,hit,correct,球L,0.693,0.41,0.587,correct_only,hit,1.306,1.306,,
2026_08_25/c1_3,2,球R,<1.0°,clear,,0.96,,0,unknown,,,,,unknown,miss,unknown,,,,,unknown,miss,,,,
2026_08_25/c1_3,3,球R,<1.0°,clear,,0.96,,0,unknown,,,,,unknown,miss,unknown,,,,,unknown,miss,,,,
2026_08_25/c1_3,4,球M,<1.0°,clear,,0.77,3.74,0,none,,,,,none,hit,none,,,,,none,hit,1.017,1.017,1.205,1.205
2026_08_25/c1_3,5,球M,<1.0°,clear,,0.77,3.74,0,none,,,,,none,miss,none,,,,,none,miss,1.017,1.017,1.205,1.205
2026_08_25/c1_3,6,球L,1.0–2.5°,clear,,1.19,3.73,0,none,,,,,none,miss,none,,,,,none,miss,1.459,1.459,,
2026_08_25/c1_3,7,球R,<1.0°,clear,,0.96,,0,unknown,,,,,unknown,hit,unknown,,,,,unknown,hit,,,,
2026_08_25/c1_3,8,球L,1.0–2.5°,clear,,1.19,,0,unknown,,,,,unknown,hit,unknown,,,,,unknown,hit,,,,
2026_08_25/c1_3,9,球L,1.0–2.5°,clear,,1.19,,0,unknown,,,,,unknown,hit,unknown,,,,,unknown,hit,,,,
2026_08_25/c1_3,10,球M,<1.0°,clear,,0.77,3.73,0,none,,,,,none,hit,none,,,,,none,hit,0.832,0.832,,
2026_08_25/c1_3,11,球L,1.0–2.5°,clear,,1.19,3.71,0,none,,,,,none,hit,none,,,,,none,hit,1.415,1.415,,
2026_08_25/c1_3,12,球M,<1.0°,clear,,0.77,,0,unknown,,,,,unknown,miss,unknown,,,,,unknown,miss,,,,
2026_08_25/c1_3,13,球R,<1.0°,clear,,0.96,3.73,0,none,,,,,none,hit,none,,,,,none,hit,1.457,1.457,,
2026_08_25/c1_3,14,球M,<1.0°,clear,,0.77,3.72,0,none,,,,,none,hit,none,,,,,none,miss,1.527,,,0.351
2026_08_25/c1_3,15,球R,<1.0°,clear,,0.96,3.72,0,none,,,,,none,hit,none,,,,,none,hit,1.387,1.387,,
2026_08_25/u3,1,球L,1.0–2.5°,clear,walking,1.36,2.8,1,correct,球L,0.671,0.56,0.295,correct_only,hit,correct,球L,0.671,0.56,0.295,correct_only,hit,0.671,0.671,,
2026_08_25/u3,2,球M,1.0–2.5°,clear,walking,1.44,2.82,1,wrong,球L,1.057,0.447,0.248,mixed,hit,wrong,球L,1.057,0.447,0.248,mixed,hit,0.733,0.733,1.057,1.057
2026_08_25/u3,3,球R,1.0–2.5°,clear,walking,1.75,2.27,1,wrong,球M,0.486,0.45,0.461,mixed,hit,wrong,球M,0.486,0.45,0.235,mixed,hit,0.328,0.328,0.486,0.486
2026_08_25/u3,4,球M,1.0–2.5°,clear,walking,1.44,2.84,1,correct,球M,0.429,0.677,0.193,correct_only,hit,correct,球M,0.429,0.677,0.044,correct_only,hit,0.575,0.575,,
2026_08_25/u3,5,球R,1.0–2.5°,clear,walking,1.75,2.54,1,correct,球R,0.423,0.484,0.4,correct_only,hit,correct,球R,0.423,0.484,0.4,correct_only,hit,0.763,0.526,,0.378
2026_08_25/u3,6,球L,1.0–2.5°,clear,walking,1.36,2.86,1,correct,球L,0.572,0.596,0.112,correct_only,hit,correct,球L,0.572,0.596,0.04,correct_only,hit,0.728,0.728,,
2026_08_25/u3,7,球M,1.0–2.5°,clear,walking,1.44,2.63,1,wrong,球L,0.919,0.358,0.593,mixed,hit,wrong,球L,0.919,0.358,0.593,mixed,hit,1.21,1.002,0.919,0.919
2026_08_25/u3,8,球R,1.0–2.5°,clear,walking,1.75,2.49,1,wrong,球M,0.425,0.517,0.376,mixed,hit,wrong,球M,0.425,0.517,0.376,mixed,hit,1.044,1.044,0.425,0.425
2026_08_25/u3,9,球L,1.0–2.5°,clear,walking,1.36,2.71,1,wrong,球M,0.774,0.415,0.375,mixed,hit,wrong,球M,0.774,0.415,0.13,mixed,hit,1.145,1.145,0.774,0.774
2026_08_25/u3,10,球R,1.0–2.5°,clear,walking,1.75,2.6,1,correct,球R,0.949,0.548,0.121,correct_only,hit,correct,球R,0.949,0.548,0.121,correct_only,hit,0.949,0.949,0.069,0.069
2026_08_25/u3,11,球L,1.0–2.5°,clear,walking,1.36,2.48,1,correct,球L,0.833,0.818,0.077,correct_only,hit,correct,球L,0.833,0.818,0.077,correct_only,hit,1.086,1.086,,
2026_08_25/u3,12,球M,1.0–2.5°,clear,walking,1.44,2.46,1,correct,球M,0.901,0.604,0.101,correct_only,hit,correct,球M,0.901,0.604,0.082,correct_only,hit,1.131,1.131,,0.238
2026_08_25/u3,13,球R,1.0–2.5°,clear,walking,1.75,2.71,1,correct,球R,1.021,0.549,0.195,mixed,miss,correct,球R,1.021,0.549,0.195,mixed,miss,1.021,1.021,1.286,1.286
2026_08_25/u3,14,球L,1.0–2.5°,clear,walking,1.36,3.1,1,correct,球L,0.926,0.537,0.292,correct_only,hit,correct,球L,0.926,0.537,0.292,correct_only,hit,0.926,0.926,,0.195
2026_08_25/u3,15,球M,1.0–2.5°,clear,walking,1.44,1.97,1,correct,球M,1.244,0.375,0.308,correct_only,hit,correct,球M,0.669,0.62,0.069,correct_only,hit,1.415,1.415,,
