rec,card,era,flags,cfg,k,target,size,theta_unit,tier,occl,walking,stress,window_src,reliable,lcs,has_window,win_start_rel,win_end_rel,n_finals,n_obj_finals,n_acc,n_acc_e2,outcome_first,first_obj,first_lat_end,first_lat_start,first_lat_stare,first_share,first_capture,first_A,first_p_none,first_dur,outcome_any,any_correct,any_wrong,flip_wrong_then_correct,flip_correct_then_wrong,wrong_objs,first_e2,ungated_first,ungated_majority,best_target_capture,best_wrong_capture,best_target_share,best_wrong_share,dist_m
2026_08_16/000,e1,v7,,naive,1,苹果,fruit(4-5cm),4.22,≥2.5°,clear,0,0,schedule,1,hit,1,41.39,46.95,3,3,3,3,correct,苹果,3.08,-0.14,0.82,1.0,,,0.289,3.22,mixed,1,1,0,1,香蕉,correct,correct,correct,0.0,0.0,1.0,1.0,1.66
2026_08_16/000,e1,v7,,naive,2,球M,ball(3cm),8.3,≥2.5°,clear,0,0,schedule,1,hit,1,48.11,53.86,2,2,2,2,correct,球M,3.11,2.77,0.66,1.0,,,0.449,0.34,correct_only,1,0,0,0,,correct,correct,correct,0.0,,1.0,,1.42
2026_08_16/000,e1,v7,,naive,3,石榴,fruit(4-5cm),6.01,≥2.5°,clear,0,0,schedule,1,hit,1,55.02,60.64,2,2,2,2,correct,石榴,2.51,0.06,0.19,1.0,,,0.558,2.46,correct_only,1,0,0,0,,correct,correct,correct,0.0,,1.0,,1.64
2026_08_16/000,e1,v7,,naive,4,香蕉,banana,4.22,≥2.5°,clear,0,0,schedule,1,hit,1,61.8,67.43,4,4,4,4,correct,香蕉,2.61,-0.33,0.28,1.0,,,0.115,2.94,correct_only,1,0,0,0,,correct,correct,correct,0.0,,1.0,,1.52
2026_08_16/000,e1,v7,,naive,5,球R,ball(3cm),6.01,≥2.5°,clear,0,0,schedule,1,hit,1,68.59,74.27,2,2,1,1,correct,球R,4.92,2.41,2.54,1.0,,,0.663,2.51,correct_only,1,0,0,0,,correct,wrong,correct,0.0,0.0,1.0,0.684,2.08
2026_08_16/000,e1,v7,,naive,6,球L,ball(3cm),5.53,≥2.5°,clear,0,0,schedule,1,hit,1,75.43,81.18,4,4,4,4,correct,球L,3.12,1.72,0.67,1.0,,,0.144,1.4,mixed,1,1,0,1,香蕉,correct,correct,correct,0.0,0.0,1.0,1.0,1.46
2026_08_16/000,e1,v7,,naive,7,球M,ball(3cm),8.3,≥2.5°,clear,0,0,schedule,1,hit,1,82.88,88.66,7,7,7,7,correct,球M,0.64,0.04,-1.84,1.0,,,0.41,0.6,correct_only,1,0,0,0,,correct,correct,correct,0.0,,1.0,,1.46
2026_08_16/000,e1,v7,,naive,8,石榴,fruit(4-5cm),6.01,≥2.5°,clear,0,0,schedule,1,hit,1,89.82,95.4,1,1,1,1,correct,石榴,5.14,1.61,2.86,1.0,,,0.652,3.53,correct_only,1,0,0,0,,correct,correct,correct,0.0,,1.0,,1.65
2026_08_16/000,e1,v7,,naive,9,香蕉,banana,4.22,≥2.5°,clear,0,0,schedule,1,hit,1,96.56,102.11,4,4,4,4,correct,香蕉,1.47,0.36,-0.78,1.0,,,0.146,1.1,mixed,1,1,0,1,苹果,correct,correct,correct,0.0,0.0,1.0,1.0,1.6
2026_08_16/000,e1,v7,,naive,10,球L,ball(3cm),5.53,≥2.5°,clear,0,0,schedule,1,hit,1,103.27,109.12,1,1,1,1,correct,球L,5.71,2.11,3.16,1.0,,,0.128,3.6,correct_only,1,0,0,0,,correct,correct,correct,0.0,,1.0,,1.49
2026_08_16/000,e1,v7,,naive,11,苹果,fruit(4-5cm),4.22,≥2.5°,clear,0,0,schedule,1,hit,1,110.28,116.1,4,4,4,4,correct,苹果,2.55,1.72,0.03,1.0,,,0.498,0.83,correct_only,1,0,0,0,,correct,correct,correct,0.0,,1.0,,1.66
2026_08_16/000,e1,v7,,naive,12,球R,ball(3cm),6.01,≥2.5°,clear,0,0,schedule,1,hit,1,117.26,123.17,1,1,1,1,correct,球R,6.1,0.35,3.49,1.0,,,0.686,5.75,correct_only,1,0,0,0,,correct,correct,correct,0.0,,1.0,,1.47
2026_08_16/001,e2,v7,stress,naive,1,球L,ball(3cm),2.1,1.0–2.5°,occluded(front-capture),0,1,lcs_episode,0,hit,1,15.68,19.4,2,2,2,2,correct,球L,2.67,0.5,2.17,1.0,,,0.825,2.17,correct_only,1,0,0,0,,correct,correct,correct,0.0,,1.0,,3.17
2026_08_16/001,e2,v7,stress,naive,2,球R,ball(3cm),1.56,1.0–2.5°,occluded(front-capture),0,1,lcs_episode,0,hit,1,32.06,40.2,6,6,6,6,wrong,球L,0.45,0.12,-0.05,1.0,,,0.612,0.32,mixed,1,1,1,0,球L,wrong,wrong,correct,0.0,0.0,1.0,1.0,3.31
2026_08_16/001,e2,v7,stress,naive,3,苹果,fruit(4-5cm),1.38,1.0–2.5°,occluded(front-capture),0,1,none,0,miss,0,,,,,,,unknown,,,,,,,,,,unknown,,,,,,,,,,,,,
2026_08_16/001,e2,v7,stress,naive,4,石榴,fruit(4-5cm),1.56,1.0–2.5°,occluded(front-capture),0,1,none,0,miss,0,,,,,,,unknown,,,,,,,,,,unknown,,,,,,,,,,,,,
2026_08_16/001,e2,v7,stress,naive,5,球M,ball(3cm),3.21,≥2.5°,occluded(front-capture),0,1,lcs_episode,0,miss,1,43.24,45.72,1,1,1,1,wrong,香蕉,2.18,0.5,1.68,1.0,,,0.909,1.68,wrong_only,0,1,0,0,香蕉,wrong,wrong,wrong,,0.0,,1.0,3.61
2026_08_16/001,e2,v7,stress,naive,6,香蕉,banana,1.38,1.0–2.5°,occluded(front-capture),0,1,none,0,miss,0,,,,,,,unknown,,,,,,,,,,unknown,,,,,,,,,,,,,
2026_08_16/001,e2,v7,stress,naive,7,苹果,fruit(4-5cm),1.38,1.0–2.5°,occluded(front-capture),0,1,none,0,miss,0,,,,,,,unknown,,,,,,,,,,unknown,,,,,,,,,,,,,
2026_08_16/001,e2,v7,stress,naive,8,石榴,fruit(4-5cm),1.56,1.0–2.5°,occluded(front-capture),0,1,none,0,miss,0,,,,,,,unknown,,,,,,,,,,unknown,,,,,,,,,,,,,
2026_08_16/001,e2,v7,stress,naive,9,香蕉,banana,1.38,1.0–2.5°,occluded(front-capture),0,1,none,0,hit,0,,,,,,,unknown,,,,,,,,,,unknown,,,,,,,,,,,,,
2026_08_16/001,e2,v7,stress,naive,10,球R,ball(3cm),1.56,1.0–2.5°,occluded(front-capture),0,1,lcs_episode,0,hit,1,59.99,66.81,2,2,2,2,correct,球R,2.78,0.5,2.28,1.0,,,0.738,2.27,correct_only,1,0,0,0,,correct,correct,correct,0.0,,1.0,,3.33
2026_08_16/001,e2,v7,stress,naive,11,球L,ball(3cm),2.1,1.0–2.5°,occluded(front-capture),0,1,lcs_episode,0,hit,1,66.7,74.18,3,3,3,3,correct,球L,2.72,0.5,2.22,1.0,,,0.801,2.22,correct_only,1,0,0,0,,correct,correct,correct,0.0,,1.0,,3.28
2026_08_16/001,e2,v7,stress,naive,12,球M,ball(3cm),3.21,≥2.5°,occluded(front-capture),0,1,lcs_episode,0,miss,1,92.73,95.86,3,3,3,3,wrong,background,0.77,0.5,0.27,0.971,,,0.88,0.27,wrong_only,0,1,0,0,background|香蕉,wrong,wrong,wrong,,0.0,,1.0,3.71
2026_08_16/s1,s1,v7,,naive,1,球R,ball(3cm),5.41,≥2.5°,clear,0,0,schedule,1,hit,1,16.77,22.45,3,3,3,3,correct,球R,2.93,-0.76,0.55,1.0,,,0.357,3.68,correct_only,1,0,0,0,,correct,correct,correct,0.0,,1.0,,1.61
2026_08_16/s1,s1,v7,,naive,2,球L,ball(3cm),5.02,≥2.5°,clear,0,0,schedule,1,hit,1,23.61,29.38,1,1,1,1,correct,球L,5.65,-0.85,3.18,1.0,,,0.279,6.5,correct_only,1,0,0,0,,correct,correct,correct,0.0,,1.0,,1.53
2026_08_16/s1,s1,v7,,naive,3,球M,ball(3cm),7.69,≥2.5°,clear,0,0,schedule,1,hit,1,30.54,36.34,2,2,2,2,correct,球M,1.86,1.05,-0.64,1.0,,,0.355,0.81,correct_only,1,0,0,0,,correct,correct,correct,0.0,,1.0,,1.49
2026_08_16/s1,s1,v7,,naive,4,球L,ball(3cm),5.02,≥2.5°,clear,0,0,schedule,1,hit,1,37.5,43.32,3,3,3,3,correct,球L,1.83,1.12,-0.69,1.0,,,0.366,0.7,correct_only,1,0,0,0,,correct,correct,correct,0.0,,1.0,,1.54
2026_08_16/s1,s1,v7,,naive,5,球M,ball(3cm),7.69,≥2.5°,clear,0,0,schedule,1,hit,1,44.48,50.18,1,1,1,1,correct,球M,5.38,-0.64,2.98,1.0,,,0.337,6.01,correct_only,1,0,0,0,,correct,correct,correct,0.0,,1.0,,1.5
2026_08_16/s1,s1,v7,,naive,6,球M,ball(3cm),7.69,≥2.5°,clear,0,0,schedule,1,hit,1,51.34,57.08,4,4,4,4,correct,球M,2.81,-0.71,0.37,1.0,,,0.296,3.52,correct_only,1,0,0,0,,correct,correct,correct,0.0,,1.0,,1.49
2026_08_16/s1,s1,v7,,naive,7,球R,ball(3cm),5.41,≥2.5°,clear,0,0,schedule,1,hit,1,58.24,63.97,2,2,2,2,correct,球R,2.71,-1.24,0.28,1.0,,,0.327,3.95,correct_only,1,0,0,0,,correct,correct,correct,0.0,,1.0,,1.59
2026_08_16/s1,s1,v7,,naive,8,球L,ball(3cm),5.02,≥2.5°,clear,0,0,schedule,1,hit,1,65.37,71.11,2,2,2,2,correct,球L,3.6,-0.19,1.16,1.0,,,0.471,3.79,correct_only,1,0,0,0,,correct,correct,correct,0.0,,1.0,,1.56
2026_08_16/s1,s1,v7,,naive,9,球L,ball(3cm),5.02,≥2.5°,clear,0,0,schedule,1,hit,1,72.27,78.0,1,1,1,1,correct,球L,5.21,-1.02,2.78,1.0,,,0.528,6.23,correct_only,1,0,0,0,,correct,correct,correct,0.0,,1.0,,1.58
2026_08_16/s1,s1,v7,,naive,10,球M,ball(3cm),7.69,≥2.5°,clear,0,0,schedule,1,hit,1,79.16,84.98,6,6,6,6,correct,球M,1.25,0.66,-1.27,1.0,,,0.421,0.6,correct_only,1,0,0,0,,correct,correct,correct,0.0,,1.0,,1.56
2026_08_16/s1,s1,v7,,naive,11,球R,ball(3cm),5.41,≥2.5°,clear,0,0,schedule,1,hit,1,86.14,92.08,1,1,1,1,correct,球R,5.41,1.51,2.77,1.0,,,0.454,3.9,correct_only,1,0,0,0,,correct,correct,correct,0.0,,1.0,,1.6
2026_08_16/s1,s1,v7,,naive,12,球M,ball(3cm),7.69,≥2.5°,clear,0,0,schedule,1,hit,1,93.24,99.18,2,2,2,2,correct,球M,4.42,-1.21,1.78,1.0,,,0.329,5.63,correct_only,1,0,0,0,,correct,correct,correct,0.0,,1.0,,1.5
2026_08_16/s1,s1,v7,,naive,13,球R,ball(3cm),5.41,≥2.5°,clear,0,0,schedule,1,hit,1,100.34,106.28,1,1,1,1,correct,球R,5.64,-1.08,3.0,1.0,,,0.377,6.72,correct_only,1,0,0,0,,correct,correct,correct,0.0,,1.0,,1.61
2026_08_16/s1,s1,v7,,naive,14,球R,ball(3cm),5.41,≥2.5°,clear,0,0,schedule,1,hit,1,107.44,113.4,3,3,3,3,correct,球R,3.92,-0.95,1.26,1.0,,,0.41,4.87,correct_only,1,0,0,0,,correct,correct,correct,0.0,,1.0,,1.62
2026_08_16/s1,s1,v7,,naive,15,球L,ball(3cm),5.02,≥2.5°,clear,0,0,schedule,1,hit,1,114.56,120.57,1,1,1,1,correct,球L,5.74,-0.97,3.03,1.0,,,0.557,6.72,correct_only,1,0,0,0,,correct,correct,correct,0.0,,1.0,,1.59
2026_08_16/s2,s2,v7,,naive,1,球M,ball(3cm),4.47,≥2.5°,clear,0,0,schedule,1,hit,1,18.18,23.88,1,1,1,1,correct,球M,5.74,2.11,3.34,1.0,,,0.603,3.63,correct_only,1,0,0,0,,correct,correct,correct,0.0,,1.0,,2.35
2026_08_16/s2,s2,v7,,naive,2,球R,ball(3cm),2.55,≥2.5°,clear,0,0,schedule,1,hit,1,25.04,30.76,2,2,2,2,correct,球R,2.98,-0.81,0.56,1.0,,,0.657,3.79,correct_only,1,0,0,0,,correct,correct,correct,0.0,,1.0,,2.48
2026_08_16/s2,s2,v7,,naive,3,球M,ball(3cm),4.47,≥2.5°,clear,0,0,schedule,1,hit,1,31.92,37.72,5,5,5,5,correct,球M,1.51,0.7,-0.99,1.0,,,0.579,0.81,correct_only,1,0,0,0,,correct,correct,correct,0.0,,1.0,,2.45
2026_08_16/s2,s2,v7,,naive,4,球R,ball(3cm),2.55,≥2.5°,clear,0,0,schedule,1,hit,1,38.88,44.65,3,3,3,3,correct,球R,3.41,-0.93,0.94,1.0,,,0.558,4.33,correct_only,1,0,0,0,,correct,correct,correct,0.0,,1.0,,2.49
2026_08_16/s2,s2,v7,,naive,5,球L,ball(3cm),2.85,≥2.5°,clear,0,0,schedule,1,hit,1,45.81,51.53,3,3,3,3,correct,球L,3.44,-0.89,1.02,1.0,,,0.382,4.33,correct_only,1,0,0,0,,correct,correct,correct,0.0,,1.0,,2.43
2026_08_16/s2,s2,v7,,naive,6,球R,ball(3cm),2.55,≥2.5°,clear,0,0,schedule,1,hit,1,52.69,58.39,2,2,2,2,correct,球R,4.39,-0.81,1.99,1.0,,,0.584,5.2,correct_only,1,0,0,0,,correct,correct,correct,0.0,,1.0,,2.46
2026_08_16/s2,s2,v7,,naive,7,球M,ball(3cm),4.47,≥2.5°,clear,0,0,schedule,1,hit,1,59.55,65.33,4,4,4,4,correct,球M,2.25,1.28,-0.23,1.0,,,0.542,0.97,mixed,1,1,1,1,香蕉,correct,correct,correct,0.0,0.0,1.0,1.0,2.45
2026_08_16/s2,s2,v7,,naive,8,球L,ball(3cm),2.85,≥2.5°,clear,0,0,schedule,1,hit,1,66.69,72.44,1,1,1,1,correct,球L,5.46,-0.39,3.01,1.0,,,0.417,5.85,correct_only,1,0,0,0,,correct,correct,correct,0.0,,1.0,,2.47
2026_08_16/s2,s2,v7,,naive,9,球R,ball(3cm),2.55,≥2.5°,clear,0,0,schedule,1,hit,1,73.6,79.28,1,1,1,1,correct,球R,5.49,2.89,3.11,1.0,,,0.608,2.6,correct_only,1,0,0,0,,correct,correct,correct,0.0,,1.0,,2.55
2026_08_16/s2,s2,v7,,naive,10,球R,ball(3cm),2.55,≥2.5°,clear,0,0,schedule,1,hit,1,80.44,86.23,3,3,3,3,correct,球R,2.77,-0.37,0.28,1.0,,,0.531,3.14,correct_only,1,0,0,0,,correct,correct,correct,0.0,,1.0,,2.52
2026_08_16/s2,s2,v7,,naive,11,球M,ball(3cm),4.47,≥2.5°,clear,0,0,schedule,1,hit,1,87.39,93.38,5,5,5,5,correct,球M,1.73,1.3,-0.96,1.0,,,0.569,0.43,correct_only,1,0,0,0,,correct,correct,correct,0.0,,1.0,,2.39
2026_08_16/s2,s2,v7,,naive,12,球L,ball(3cm),2.85,≥2.5°,clear,0,0,schedule,1,hit,1,94.54,100.51,3,3,3,3,correct,球L,3.72,-0.84,1.05,1.0,,,0.428,4.56,correct_only,1,0,0,0,,correct,correct,correct,0.0,,1.0,,2.47
2026_08_16/s2,s2,v7,,naive,13,球M,ball(3cm),4.47,≥2.5°,clear,0,0,schedule,1,hit,1,101.67,107.63,3,3,3,3,correct,球M,3.45,3.01,0.79,1.0,,,0.608,0.43,correct_only,1,0,0,0,,correct,correct,correct,0.0,,1.0,,2.4
2026_08_16/s2,s2,v7,,naive,14,球L,ball(3cm),2.85,≥2.5°,clear,0,0,schedule,1,hit,1,108.79,114.8,3,3,3,3,correct,球L,4.47,0.78,1.76,1.0,,,0.376,3.68,mixed,1,1,1,1,球M,correct,correct,correct,0.0,0.0,1.0,1.0,2.47
2026_08_16/s2,s2,v7,,naive,15,球L,ball(3cm),2.85,≥2.5°,clear,0,0,schedule,1,hit,1,115.96,121.97,3,3,3,3,correct,球L,2.75,1.51,0.04,1.0,,,0.393,1.25,mixed,1,1,0,1,球M,correct,correct,correct,0.0,0.0,1.0,1.0,2.46
2026_08_16/s3,s3,v7,,naive,1,球M,ball(3cm),3.19,≥2.5°,clear,0,0,schedule,1,hit,1,18.24,23.94,4,4,4,4,correct,球M,2.43,1.83,0.03,1.0,,,0.927,0.6,correct_only,1,0,0,0,,correct,correct,correct,0.0,,1.0,,3.45
2026_08_16/s3,s3,v7,,naive,2,球L,ball(3cm),2.0,1.0–2.5°,clear,0,0,schedule,1,hit,1,25.1,30.88,2,2,2,2,correct,球L,2.69,-0.83,0.21,1.0,,,0.765,3.52,correct_only,1,0,0,0,,correct,correct,correct,0.0,,1.0,,3.35
2026_08_16/s3,s3,v7,,naive,3,球L,ball(3cm),2.0,1.0–2.5°,clear,0,0,schedule,1,hit,1,32.04,37.86,2,2,2,2,correct,球L,5.14,1.13,2.62,1.0,,,0.785,4.01,correct_only,1,0,0,0,,correct,correct,correct,0.0,,1.0,,3.35
2026_08_16/s3,s3,v7,,naive,4,球M,ball(3cm),3.19,≥2.5°,clear,0,0,schedule,1,hit,1,39.02,44.84,4,4,4,4,correct,球M,1.62,1.3,-0.9,1.0,,,0.709,0.32,mixed,1,1,0,1,background,correct,correct,correct,0.0,0.0,1.0,0.963,3.91
2026_08_16/s3,s3,v7,,naive,5,球R,ball(3cm),1.53,1.0–2.5°,clear,0,0,schedule,1,hit,1,46.0,51.67,1,1,1,1,correct,球R,5.49,-0.85,3.12,1.0,,,0.808,6.34,correct_only,1,0,0,0,,correct,correct,correct,0.0,,1.0,,3.4
2026_08_16/s3,s3,v7,,naive,6,球R,ball(3cm),1.53,1.0–2.5°,clear,0,0,schedule,1,hit,1,52.83,58.53,1,1,1,1,correct,球R,5.63,-0.82,3.23,1.0,,,0.792,6.45,correct_only,1,0,0,0,,correct,correct,correct,0.0,,1.0,,3.39
2026_08_16/s3,s3,v7,,naive,7,球L,ball(3cm),2.0,1.0–2.5°,clear,0,0,schedule,1,hit,1,59.69,65.49,4,4,4,4,correct,球L,3.94,2.59,1.44,1.0,,,0.739,1.35,mixed,1,1,1,1,香蕉,correct,correct,correct,0.0,0.0,1.0,1.0,3.34
2026_08_16/s3,s3,v7,,naive,8,球L,ball(3cm),2.0,1.0–2.5°,clear,0,0,schedule,1,hit,1,66.69,72.43,1,1,1,1,correct,球L,5.56,-0.39,3.12,1.0,,,0.781,5.96,correct_only,1,0,0,0,,correct,correct,correct,0.0,,1.0,,3.35
2026_08_16/s3,s3,v7,,naive,9,球M,ball(3cm),3.19,≥2.5°,clear,0,0,schedule,1,hit,1,73.59,79.32,3,3,3,3,correct,球M,2.63,-0.99,0.2,1.0,,,0.66,3.63,correct_only,1,0,0,0,,correct,correct,correct,0.0,,1.0,,3.4
2026_08_16/s3,s3,v7,,naive,10,球R,ball(3cm),1.53,1.0–2.5°,clear,0,0,schedule,1,hit,1,80.48,86.27,3,3,3,3,wrong,球M,3.46,2.49,0.97,1.0,,,0.803,0.97,mixed,1,1,1,1,球L|球M,wrong,wrong,wrong,0.0,0.0,1.0,1.0,3.4
2026_08_16/s3,s3,v7,,naive,11,球L,ball(3cm),2.0,1.0–2.5°,clear,0,0,schedule,1,hit,1,87.43,93.42,2,2,2,2,correct,球L,4.43,0.69,1.74,1.0,,,0.671,3.74,correct_only,1,0,0,0,,correct,correct,correct,0.0,,1.0,,3.35
2026_08_16/s3,s3,v7,,naive,12,球M,ball(3cm),3.19,≥2.5°,clear,0,0,schedule,1,hit,1,94.58,100.52,2,2,2,2,wrong,background,2.66,1.79,0.02,0.958,,,0.808,0.87,mixed,1,1,1,0,background,wrong,wrong,correct,0.0,0.0,1.0,0.958,4.0
2026_08_16/s3,s3,v7,,naive,13,球R,ball(3cm),1.53,1.0–2.5°,clear,0,0,schedule,1,hit,1,101.68,107.62,2,2,2,2,correct,球R,5.02,-0.78,2.38,1.0,,,0.82,5.8,correct_only,1,0,0,0,,correct,correct,correct,0.0,,1.0,,3.38
2026_08_16/s3,s3,v7,,naive,14,球M,ball(3cm),3.19,≥2.5°,clear,0,0,schedule,1,hit,1,108.78,114.79,3,3,3,3,correct,球M,1.85,1.15,-0.86,1.0,,,0.843,0.7,mixed,1,1,1,1,球L,correct,correct,correct,0.0,0.0,1.0,1.0,3.39
2026_08_16/s3,s3,v7,,naive,15,球R,ball(3cm),1.53,1.0–2.5°,clear,0,0,schedule,1,hit,1,115.95,121.92,1,1,1,1,correct,球R,6.47,-0.63,3.8,1.0,,,0.744,7.1,correct_only,1,0,0,0,,correct,correct,correct,0.0,,1.0,,3.38
2026_08_16/s4,s4,v8,,naive,1,球L,ball(3cm),1.67,1.0–2.5°,clear,0,0,schedule,1,hit,1,15.68,21.4,2,2,2,2,correct,球L,3.95,2.44,1.53,1.0,,,0.906,1.52,correct_only,1,0,0,0,,correct,correct,correct,0.0,,1.0,,3.81
2026_08_16/s4,s4,v8,,naive,2,球L,ball(3cm),1.67,1.0–2.5°,clear,0,0,schedule,1,hit,1,22.56,28.34,2,2,2,2,correct,球L,2.12,0.06,-0.36,1.0,,,0.951,2.06,correct_only,1,0,0,0,,correct,correct,correct,0.0,,1.0,,3.83
2026_08_16/s4,s4,v8,,naive,3,球M,ball(3cm),2.82,≥2.5°,clear,0,0,schedule,1,hit,1,29.5,35.29,6,6,6,6,wrong,球L,0.85,0.25,-1.64,1.0,,,0.744,0.6,mixed,1,1,1,0,球L,wrong,wrong,wrong,0.0,0.0,1.0,1.0,3.81
2026_08_16/s4,s4,v8,,naive,4,球R,ball(3cm),1.28,1.0–2.5°,clear,0,0,schedule,1,hit,1,36.45,42.22,5,5,5,5,wrong,香蕉,1.24,0.54,-1.23,1.0,,,0.928,0.7,mixed,1,1,1,0,球M|香蕉,wrong,wrong,correct,0.0,0.0,1.0,1.0,3.89
2026_08_16/s4,s4,v8,,naive,5,球R,ball(3cm),1.28,1.0–2.5°,clear,0,0,schedule,1,hit,1,43.38,49.06,3,3,3,3,correct,球R,3.43,-1.77,1.05,1.0,,,0.925,5.2,correct_only,1,0,0,0,,correct,correct,correct,0.0,,1.0,,3.83
2026_08_16/s4,s4,v8,,naive,6,球M,ball(3cm),2.82,≥2.5°,clear,0,0,schedule,1,hit,1,50.22,55.97,5,5,5,5,wrong,球R,1.26,0.67,-1.19,1.0,,,0.814,0.6,mixed,1,1,1,0,球R,wrong,wrong,correct,0.0,0.0,1.0,1.0,3.87
2026_08_16/s4,s4,v8,,naive,7,球M,ball(3cm),2.82,≥2.5°,clear,0,0,schedule,1,hit,1,57.13,62.9,4,4,4,4,correct,球M,1.75,1.48,-0.72,1.0,,,0.767,0.27,mixed,1,1,0,1,香蕉,correct,correct,correct,0.0,0.0,1.0,1.0,3.9
2026_08_16/s4,s4,v8,,naive,8,球L,ball(3cm),1.67,1.0–2.5°,clear,0,0,schedule,1,hit,1,72.63,78.38,3,3,3,3,wrong,球M,0.46,0.05,-1.99,1.0,,,0.761,0.41,mixed,1,1,1,0,球M,wrong,wrong,correct,0.0,0.0,1.0,1.0,3.79
2026_08_16/s4,s4,v8,,naive,9,球R,ball(3cm),1.28,1.0–2.5°,clear,0,0,schedule,1,hit,1,79.54,85.21,4,4,4,4,wrong,球L,0.57,0.11,-1.8,1.0,,,0.903,0.47,mixed,1,1,1,0,球L,wrong,wrong,correct,0.0,0.0,1.0,1.0,3.79
2026_08_16/s4,s4,v8,,naive,10,球M,ball(3cm),2.82,≥2.5°,clear,0,0,schedule,1,miss,1,86.37,92.19,3,3,3,3,wrong,球R,1.12,0.6,-1.4,1.0,,,0.942,0.52,wrong_only,0,1,0,0,球R,wrong,wrong,wrong,,0.0,,1.0,3.81
2026_08_16/s4,s4,v8,,naive,11,球R,ball(3cm),1.28,1.0–2.5°,clear,0,0,schedule,1,hit,1,93.35,99.29,3,3,3,3,wrong,球M,2.16,1.78,-0.48,1.0,,,0.677,0.39,mixed,1,1,1,0,球M,wrong,wrong,correct,0.0,0.0,1.0,1.0,3.8
2026_08_16/s4,s4,v8,,naive,12,球R,ball(3cm),1.28,1.0–2.5°,clear,0,0,schedule,1,hit,1,100.45,106.37,1,1,1,1,correct,球R,6.29,2.66,3.67,1.0,,,0.836,3.63,correct_only,1,0,0,0,,correct,correct,correct,0.0,,1.0,,3.91
2026_08_16/s4,s4,v8,,naive,13,球M,ball(3cm),2.82,≥2.5°,clear,0,0,schedule,1,hit,1,107.53,113.49,1,1,1,1,correct,球M,4.97,2.75,2.31,1.0,,,0.77,2.22,correct_only,1,0,0,0,,correct,correct,correct,0.0,,1.0,,3.81
2026_08_16/s4,s4,v8,,naive,14,球L,ball(3cm),1.67,1.0–2.5°,clear,0,0,schedule,1,hit,1,114.65,120.66,1,1,1,1,correct,球L,6.37,2.8,3.66,1.0,,,0.741,3.57,correct_only,1,0,0,0,,correct,correct,correct,0.0,,1.0,,3.77
2026_08_16/s4,s4,v8,,naive,15,球L,ball(3cm),1.67,1.0–2.5°,clear,0,0,schedule,1,hit,1,121.82,127.84,4,4,4,4,correct,球L,0.86,0.26,-1.86,1.0,,,0.753,0.6,correct_only,1,0,0,0,,correct,correct,correct,0.0,,1.0,,3.77
2026_08_16/s6,s6,v8,,naive,1,球L,ball(3cm),0.56,<1.0°,clear,0,0,schedule,1,hit,1,21.14,26.87,2,2,2,2,correct,球L,3.99,0.52,1.56,1.0,,,0.826,3.47,mixed,1,1,0,1,香蕉,correct,correct,correct,0.0,0.0,1.0,1.0,4.43
2026_08_16/s6,s6,v8,,naive,2,球M,ball(3cm),1.79,1.0–2.5°,clear,0,0,schedule,1,hit,1,28.03,33.77,5,5,5,5,correct,球M,2.89,1.81,0.45,1.0,,,0.853,1.08,mixed,1,1,1,1,球R,correct,correct,correct,0.0,0.0,1.0,1.0,4.53
2026_08_16/s6,s6,v8,,naive,3,球R,ball(3cm),1.85,1.0–2.5°,clear,0,0,schedule,1,hit,1,34.93,40.68,2,2,2,2,correct,球R,4.42,1.71,1.97,1.0,,,0.912,2.71,correct_only,1,0,0,0,,correct,correct,correct,0.0,,1.0,,4.58
2026_08_16/s6,s6,v8,,naive,4,球R,ball(3cm),1.85,1.0–2.5°,clear,0,0,schedule,1,hit,1,41.84,47.61,3,3,3,3,correct,球R,1.51,0.97,-0.96,1.0,,,0.885,0.54,correct_only,1,0,0,0,,correct,correct,correct,0.0,,1.0,,4.54
2026_08_16/s6,s6,v8,,naive,5,球M,ball(3cm),1.79,1.0–2.5°,clear,0,0,schedule,1,hit,1,48.77,54.47,2,2,2,2,correct,球M,3.24,-0.77,0.84,1.0,,,0.812,4.01,correct_only,1,0,0,0,,correct,correct,correct,0.0,,1.0,,4.46
2026_08_16/s6,s6,v8,,naive,6,球R,ball(3cm),1.85,1.0–2.5°,clear,0,0,schedule,1,hit,1,55.63,61.33,2,2,2,2,correct,球R,4.56,0.23,2.16,1.0,,,0.898,4.33,mixed,1,1,0,1,球M,correct,correct,correct,0.0,0.0,1.0,1.0,4.54
2026_08_16/s6,s6,v8,,naive,7,球R,ball(3cm),1.85,1.0–2.5°,clear,0,0,schedule,1,hit,1,62.49,68.22,2,2,2,2,correct,球R,3.75,2.55,1.32,1.0,,,0.869,1.19,correct_only,1,0,0,0,,correct,correct,correct,0.0,,1.0,,4.6
2026_08_16/s6,s6,v8,,naive,8,球M,ball(3cm),1.79,1.0–2.5°,clear,0,0,schedule,1,hit,1,77.95,83.67,1,1,1,1,correct,球M,5.01,2.14,2.59,1.0,,,0.862,2.87,correct_only,1,0,0,0,,correct,correct,correct,0.0,,1.0,,4.55
2026_08_16/s6,s6,v8,,naive,9,球L,ball(3cm),0.56,<1.0°,clear,0,0,schedule,1,miss,1,84.83,90.55,2,2,2,2,wrong,香蕉,3.78,0.96,1.36,1.0,,,0.748,2.82,wrong_only,0,1,0,0,球M|香蕉,wrong,wrong,wrong,,0.0,,1.0,4.45
2026_08_16/s6,s6,v8,,naive,10,球M,ball(3cm),1.79,1.0–2.5°,clear,0,0,schedule,1,hit,1,91.71,97.53,2,2,2,2,correct,球M,3.19,0.05,0.67,1.0,,,0.779,3.14,correct_only,1,0,0,0,,correct,correct,correct,0.0,,1.0,,4.51
2026_08_16/s6,s6,v8,,naive,11,球L,ball(3cm),0.56,<1.0°,clear,0,0,schedule,1,miss,1,98.69,104.68,5,5,5,5,wrong,香蕉,2.97,-0.06,0.28,1.0,,,0.693,3.03,wrong_only,0,1,0,0,球M|香蕉,wrong,wrong,wrong,,0.0,,1.0,4.41
2026_08_16/s6,s6,v8,,naive,12,球M,ball(3cm),1.79,1.0–2.5°,clear,0,0,schedule,1,hit,1,105.84,111.78,3,3,3,3,correct,球M,3.43,-0.31,0.79,1.0,,,0.76,3.74,mixed,1,1,0,1,球R,correct,correct,correct,0.0,0.0,1.0,1.0,4.55
2026_08_16/s6,s6,v8,,naive,13,球L,ball(3cm),0.56,<1.0°,clear,0,0,schedule,1,miss,1,112.94,118.93,5,5,5,5,wrong,球M,3.09,2.5,0.4,1.0,,,0.786,0.6,wrong_only,0,1,0,0,球M|香蕉,wrong,wrong,wrong,,0.0,,1.0,4.48
2026_08_16/s6,s6,v8,,naive,14,球R,ball(3cm),1.85,1.0–2.5°,clear,0,0,schedule,1,hit,1,120.09,126.05,4,4,4,4,correct,球R,4.22,2.21,1.56,1.0,,,0.819,2.0,mixed,1,1,1,1,球M,correct,correct,correct,0.0,0.0,1.0,1.0,4.53
2026_08_16/s6,s6,v8,,naive,15,球L,ball(3cm),0.56,<1.0°,clear,0,0,schedule,1,miss,1,127.21,133.23,2,2,2,2,wrong,香蕉,4.71,2.97,1.99,1.0,,,0.681,1.73,mixed,1,1,1,0,香蕉,wrong,wrong,wrong,0.0,0.0,1.0,1.0,4.39
2026_08_18/000,s7,v8,,naive,1,球L,ball(3cm),2.61,≥2.5°,clear,0,0,schedule,1,hit,1,16.67,22.39,2,2,2,2,correct,球L,4.34,-0.53,1.92,1.0,,,0.676,4.87,mixed,1,1,0,1,球R,correct,correct,correct,0.0,0.0,1.0,1.0,3.24
2026_08_18/000,s7,v8,,naive,2,球L,ball(3cm),2.61,≥2.5°,clear,0,0,schedule,1,hit,1,23.55,29.33,2,2,2,2,correct,球L,2.91,-0.5,0.43,1.0,,,0.737,3.41,correct_only,1,0,0,0,,correct,correct,correct,0.0,,1.0,,3.01
2026_08_18/000,s7,v8,,naive,3,球R,ball(3cm),2.19,1.0–2.5°,clear,0,0,schedule,1,hit,1,30.49,36.23,5,5,5,5,correct,球R,2.89,0.29,0.45,1.0,,,0.842,2.6,mixed,1,1,0,1,球L|球M,correct,correct,correct,0.0,0.0,1.0,1.0,3.29
2026_08_18/000,s7,v8,,naive,4,球R,ball(3cm),2.19,1.0–2.5°,clear,0,0,schedule,1,hit,1,37.39,43.17,4,4,4,4,correct,球R,2.73,0.34,0.25,1.0,,,0.856,2.38,mixed,1,1,1,1,球M,correct,correct,correct,0.0,0.0,1.0,1.0,3.37
2026_08_18/000,s7,v8,,naive,5,球M,ball(3cm),2.19,1.0–2.5°,clear,0,0,schedule,1,hit,1,44.33,50.03,4,4,4,4,correct,球M,0.65,0.16,-1.75,1.0,,,0.696,0.49,mixed,1,1,0,1,球L,correct,correct,wrong,0.0,0.0,1.0,1.0,3.01
2026_08_18/000,s7,v8,,naive,6,球L,ball(3cm),2.61,≥2.5°,clear,0,0,schedule,1,hit,1,51.19,56.93,4,4,4,4,correct,球L,0.92,0.32,-1.52,1.0,,,0.521,0.6,correct_only,1,0,0,0,,correct,correct,correct,0.0,,1.0,,3.02
2026_08_18/000,s7,v8,,naive,7,球M,ball(3cm),2.19,1.0–2.5°,clear,0,0,schedule,1,miss,1,58.09,63.87,3,3,3,3,wrong,球L,2.87,0.26,0.39,1.0,,,0.642,2.61,wrong_only,0,1,0,0,球L|球R,wrong,wrong,wrong,,0.0,,1.0,2.98
2026_08_18/000,s7,v8,,naive,8,球R,ball(3cm),2.19,1.0–2.5°,clear,0,0,schedule,1,hit,1,73.07,78.77,9,9,9,9,wrong,球M,0.73,0.35,-1.67,1.0,,,0.689,0.38,wrong_only,0,1,0,0,球L|球M,wrong,wrong,wrong,,0.0,,1.0,3.08
2026_08_18/000,s7,v8,,naive,9,球R,ball(3cm),2.19,1.0–2.5°,clear,0,0,schedule,1,miss,1,79.93,85.61,2,2,2,2,wrong,球M,2.94,0.34,0.56,1.0,,,0.735,2.6,mixed,1,1,1,0,球M,wrong,wrong,wrong,0.0,0.0,1.0,1.0,3.26
2026_08_18/000,s7,v8,,naive,10,球M,ball(3cm),2.19,1.0–2.5°,clear,0,0,schedule,1,hit,1,86.77,92.59,3,3,3,3,wrong,球L,0.78,0.02,-1.74,1.0,,,0.681,0.76,mixed,1,1,1,1,球L,wrong,wrong,wrong,0.0,0.0,1.0,1.0,2.99
2026_08_18/000,s7,v8,,naive,11,球L,ball(3cm),2.61,≥2.5°,clear,0,0,schedule,1,hit,1,93.75,99.74,4,4,4,4,correct,球L,2.93,0.55,0.24,1.0,,,0.553,2.38,correct_only,1,0,0,0,,correct,correct,correct,0.0,,1.0,,3.02
2026_08_18/000,s7,v8,,naive,12,球M,ball(3cm),2.19,1.0–2.5°,clear,0,0,schedule,1,hit,1,100.9,106.84,6,6,6,6,wrong,球L,2.58,1.28,-0.06,1.0,,,0.654,1.3,mixed,1,1,1,1,球L,wrong,wrong,wrong,0.0,0.0,1.0,1.0,3.08
2026_08_18/000,s7,v8,,naive,13,球R,ball(3cm),2.19,1.0–2.5°,clear,0,0,schedule,1,hit,1,108.0,113.94,7,7,7,7,correct,球R,0.78,0.24,-1.86,1.0,,,0.798,0.54,mixed,1,1,1,1,球M,correct,correct,correct,0.0,0.0,1.0,1.0,3.33
2026_08_18/000,s7,v8,,naive,14,球M,ball(3cm),2.19,1.0–2.5°,clear,0,0,schedule,1,hit,1,115.1,121.11,4,4,4,4,wrong,球L,1.17,0.3,-1.54,1.0,,,0.67,0.87,mixed,1,1,1,1,球L,wrong,wrong,correct,0.0,0.0,1.0,1.0,3.08
2026_08_18/000,s7,v8,,naive,15,球L,ball(3cm),2.61,≥2.5°,clear,0,0,schedule,1,hit,1,122.27,128.28,2,2,2,2,correct,球L,2.28,0.06,-0.43,1.0,,,0.521,2.22,correct_only,1,0,0,0,,correct,correct,correct,0.0,,1.0,,3.02
2026_08_20/000,c1,v9,,naive,1,球R,ball(3cm),2.17,1.0–2.5°,clear,0,0,schedule,1,hit,1,17.15,22.7,4,4,4,4,correct,球R,2.31,1.23,0.06,1.0,,,0.167,1.08,correct_only,1,0,0,0,,correct,correct,correct,0.0,,1.0,,2.16
2026_08_20/000,c1,v9,,naive,2,香蕉,banana,0.41,<1.0°,clear,0,0,schedule,1,miss,1,23.86,29.44,3,3,3,3,wrong,球M,3.23,0.06,0.95,1.0,,,0.035,3.17,wrong_only,0,1,0,0,球M,wrong,wrong,wrong,,0.0,,1.0,2.25
2026_08_20/000,c1,v9,,naive,3,纸箱子,box,24.07,≥2.5°,clear,0,0,schedule,1,hit,1,30.6,36.4,3,3,3,3,correct,纸箱子,1.22,0.41,-1.28,1.0,,,0.216,0.81,correct_only,1,0,0,0,,correct,correct,correct,0.0,,1.0,,3.06
2026_08_20/000,c1,v9,,naive,4,苹果粉,fruit(4-5cm),2.09,1.0–2.5°,clear,0,0,schedule,1,miss,1,37.56,43.35,3,3,3,3,wrong,球L,2.35,1.18,-0.14,1.0,,,0.193,1.16,wrong_only,0,1,0,0,球L,wrong,wrong,wrong,,0.0,,1.0,2.24
2026_08_20/000,c1,v9,,naive,5,白杯1,cup,1.84,1.0–2.5°,clear,0,0,schedule,1,miss,1,44.51,50.19,4,4,4,4,wrong,球R,1.33,1.0,-1.05,1.0,,,0.055,0.32,wrong_only,0,1,0,0,球M|球R,wrong,wrong,wrong,,0.0,,1.0,2.3
2026_08_20/000,c1,v9,,naive,6,水瓶,bottle,0.41,<1.0°,clear,0,0,schedule,1,miss,1,51.35,56.95,3,3,3,3,wrong,球R,2.86,2.56,0.56,1.0,,,0.075,0.3,mixed,1,1,1,1,球M|球R,wrong,wrong,correct,0.0,0.0,1.0,1.0,2.3
2026_08_20/000,c1,v9,,naive,7,红杯,cup,1.84,1.0–2.5°,clear,0,0,schedule,1,miss,1,66.68,72.24,6,6,6,6,wrong,球R,2.0,1.32,-0.26,1.0,,,0.123,0.67,wrong_only,0,1,0,0,球R,wrong,wrong,wrong,,0.0,,1.0,2.31
2026_08_20/000,c1,v9,,naive,8,苹果红,fruit(4-5cm),0.41,<1.0°,clear,0,0,schedule,1,miss,1,73.4,79.15,4,4,4,4,wrong,球L,1.95,0.6,-0.5,1.0,,,0.065,1.35,wrong_only,0,1,0,0,球L,wrong,wrong,wrong,,0.0,,1.0,2.26
2026_08_20/000,c1,v9,,naive,9,球M,ball(3cm),1.83,1.0–2.5°,clear,0,0,schedule,1,hit,1,80.31,85.86,9,9,9,9,wrong,物品台,0.92,0.06,-1.33,1.0,,,0.295,0.87,mixed,1,1,1,1,物品台,wrong,wrong,wrong,0.0,0.0,1.0,1.0,2.23
2026_08_20/000,c1,v9,,naive,10,橘子,fruit(4-5cm),0.41,<1.0°,clear,0,0,schedule,1,miss,1,87.02,92.63,1,1,1,1,wrong,苹果红,5.34,0.3,3.03,1.0,,,0.415,5.04,wrong_only,0,1,0,0,苹果红,wrong,wrong,wrong,,0.0,,1.0,2.35
2026_08_20/000,c1,v9,,naive,11,球L,ball(3cm),1.71,1.0–2.5°,clear,0,0,schedule,1,hit,1,93.79,99.63,5,5,5,5,correct,球L,2.76,1.95,0.22,1.0,,,0.078,0.81,mixed,1,1,1,1,物品台,correct,correct,correct,0.0,0.0,1.0,1.0,2.29
2026_08_20/000,c1,v9,,naive,12,白杯2,cup,2.03,1.0–2.5°,clear,0,0,schedule,1,hit,1,100.79,106.71,5,5,5,5,wrong,球R,0.46,0.08,-2.16,1.0,,,0.08,0.38,mixed,1,1,1,1,球R,wrong,wrong,wrong,0.0,0.0,1.0,1.0,2.31
2026_08_20/001,c2,v9,,naive,1,球R,ball(3cm),1.28,1.0–2.5°,clear,0,0,lcs_episode,0,hit,1,15.89,19.72,3,3,3,3,correct,球R,1.85,0.5,1.35,1.0,,,0.15,1.35,correct_only,1,0,0,0,,correct,correct,correct,0.0,,1.0,,2.72
2026_08_20/001,c2,v9,,naive,2,球R,ball(3cm),1.28,1.0–2.5°,clear,0,0,lcs_episode,0,hit,1,22.79,25.76,1,1,1,1,correct,球R,2.67,0.5,2.17,1.0,,,0.238,2.17,correct_only,1,0,0,0,,correct,correct,correct,0.0,,1.0,,3.19
2026_08_20/001,c2,v9,,naive,3,苹果红,fruit(4-5cm),0.13,<1.0°,clear,0,0,none,0,miss,0,,,,,,,unknown,,,,,,,,,,unknown,,,,,,,,,,,,,
2026_08_20/001,c2,v9,,naive,4,球L,ball(3cm),1.03,1.0–2.5°,clear,0,0,lcs_episode,0,hit,1,29.36,32.08,3,3,3,3,correct,球L,0.45,0.17,-0.05,1.0,,,0.387,0.27,correct_only,1,0,0,0,,correct,correct,correct,0.0,,1.0,,3.13
2026_08_20/001,c2,v9,,naive,5,苹果粉,fruit(4-5cm),1.31,1.0–2.5°,clear,0,0,lcs_episode,0,miss,1,42.68,50.12,4,4,4,4,wrong,球L,2.51,0.5,2.01,1.0,,,0.409,2.01,wrong_only,0,1,0,0,球L,wrong,wrong,wrong,,0.0,,1.0,3.22
2026_08_20/001,c2,v9,,naive,6,白杯1,cup,1.28,1.0–2.5°,clear,0,0,none,0,miss,0,,,,,,,unknown,,,,,,,,,,unknown,,,,,,,,,,,,,
2026_08_20/001,c2,v9,,naive,7,球M,ball(3cm),0.89,<1.0°,clear,0,0,lcs_episode,0,miss,1,57.99,62.22,5,5,5,5,correct,球M,1.15,0.5,0.65,1.0,,,0.272,0.65,mixed,1,1,1,1,物品台,correct,correct,correct,0.0,0.0,1.0,1.0,3.27
2026_08_20/001,c2,v9,,naive,8,白杯1,cup,1.28,1.0–2.5°,clear,0,0,none,0,miss,0,,,,,,,unknown,,,,,,,,,,unknown,,,,,,,,,,,,,
2026_08_20/001,c2,v9,,naive,9,苹果粉,fruit(4-5cm),1.31,1.0–2.5°,clear,0,0,lcs_episode,0,miss,1,79.55,82.3,1,1,1,1,wrong,球L,2.45,0.5,1.95,1.0,,,0.418,1.95,wrong_only,0,1,0,0,球L,wrong,wrong,wrong,,0.0,,1.0,3.3
2026_08_20/001,c2,v9,,naive,10,球R,ball(3cm),1.28,1.0–2.5°,clear,0,0,lcs_episode,0,hit,1,84.85,88.15,3,3,3,3,wrong,球L,0.45,0.12,-0.05,1.0,,,0.3,0.32,mixed,1,1,1,0,球L,wrong,wrong,correct,0.0,0.0,1.0,1.0,3.28
2026_08_20/001,c2,v9,,naive,11,球M,ball(3cm),0.89,<1.0°,clear,0,0,lcs_episode,0,hit,1,90.0,97.11,7,7,7,7,wrong,球R,0.39,0.12,-0.11,1.0,,,0.541,0.27,mixed,1,1,1,1,物品台|球R,wrong,wrong,wrong,0.0,0.0,1.0,1.0,3.25
2026_08_20/001,c2,v9,,naive,12,白杯2,cup,,,clear,0,0,lcs_episode,0,miss,1,99.6,105.28,3,3,3,3,wrong,球R,2.77,0.5,2.27,1.0,,,0.305,2.27,wrong_only,0,1,0,0,球R,wrong,wrong,wrong,,0.0,,1.0,3.27
2026_08_20/001,c2,v9,,naive,13,白杯2,cup,,,clear,0,0,lcs_episode,0,miss,1,99.6,105.28,3,3,3,3,wrong,球R,2.77,0.5,2.27,1.0,,,0.305,2.27,wrong_only,0,1,0,0,球R,wrong,wrong,wrong,,0.0,,1.0,3.27
2026_08_20/001,c2,v9,,naive,14,球L,ball(3cm),1.03,1.0–2.5°,clear,0,0,lcs_episode,0,hit,1,115.9,120.49,4,4,4,4,correct,球L,0.88,0.5,0.38,1.0,,,0.31,0.38,mixed,1,1,0,1,物品台,correct,correct,correct,0.0,0.0,1.0,1.0,3.23
2026_08_20/001,c2,v9,,naive,15,苹果红,fruit(4-5cm),0.13,<1.0°,clear,0,0,lcs_episode,0,miss,1,121.48,123.31,1,1,1,1,wrong,球L,1.54,0.5,1.04,1.0,,,0.29,1.04,wrong_only,0,1,0,0,球L,wrong,wrong,wrong,,0.0,,1.0,3.24
2026_08_20/002,c4,v9,beyond_occ,naive,1,球L,ball(3cm),0.84,<1.0°,occluded(beyond limit),0,0,none,0,hit,0,,,,,,,unknown,,,,,,,,,,unknown,,,,,,,,,,,,,
2026_08_20/002,c4,v9,beyond_occ,naive,2,球R,ball(3cm),0.84,<1.0°,occluded(beyond limit),0,0,none,0,miss,0,,,,,,,unknown,,,,,,,,,,unknown,,,,,,,,,,,,,
2026_08_20/002,c4,v9,beyond_occ,naive,3,球R,ball(3cm),0.84,<1.0°,occluded(beyond limit),0,0,none,0,miss,0,,,,,,,unknown,,,,,,,,,,unknown,,,,,,,,,,,,,
2026_08_20/002,c4,v9,beyond_occ,naive,4,球M,ball(3cm),0.66,<1.0°,occluded(beyond limit),0,0,lcs_episode,0,miss,1,12.38,15.35,1,1,1,1,wrong,球L,2.67,0.5,2.17,1.0,,,0.327,2.17,wrong_only,0,1,0,0,球L,wrong,wrong,wrong,,0.0,,1.0,4.18
2026_08_20/002,c4,v9,beyond_occ,naive,5,球M,ball(3cm),0.66,<1.0°,occluded(beyond limit),0,0,lcs_episode,0,miss,1,12.38,15.35,1,1,1,1,wrong,球L,2.67,0.5,2.17,1.0,,,0.327,2.17,wrong_only,0,1,0,0,球L,wrong,wrong,wrong,,0.0,,1.0,4.18
2026_08_20/002,c4,v9,beyond_occ,naive,6,球L,ball(3cm),0.84,<1.0°,occluded(beyond limit),0,0,lcs_episode,0,hit,1,14.6,23.06,5,5,5,5,correct,球L,0.93,0.5,0.43,1.0,,,0.663,0.43,correct_only,1,0,0,0,,correct,correct,correct,0.0,,1.0,,4.2
2026_08_20/002,c4,v9,beyond_occ,naive,7,球R,ball(3cm),0.84,<1.0°,occluded(beyond limit),0,0,none,0,miss,0,,,,,,,unknown,,,,,,,,,,unknown,,,,,,,,,,,,,
2026_08_20/002,c4,v9,beyond_occ,naive,8,球L,ball(3cm),0.84,<1.0°,occluded(beyond limit),0,0,lcs_episode,0,hit,1,24.43,28.7,1,1,1,1,correct,球L,3.97,0.5,3.47,1.0,,,0.337,3.47,correct_only,1,0,0,0,,correct,correct,correct,0.0,,1.0,,4.26
2026_08_20/002,c4,v9,beyond_occ,naive,9,球L,ball(3cm),0.84,<1.0°,occluded(beyond limit),0,0,lcs_episode,0,hit,1,24.43,28.7,1,1,1,1,correct,球L,3.97,0.5,3.47,1.0,,,0.337,3.47,correct_only,1,0,0,0,,correct,correct,correct,0.0,,1.0,,4.26
2026_08_20/002,c4,v9,beyond_occ,naive,10,球M,ball(3cm),0.66,<1.0°,occluded(beyond limit),0,0,lcs_episode,0,miss,1,27.95,29.83,1,1,1,1,wrong,物品台,1.58,0.5,1.08,1.0,,,0.473,1.08,wrong_only,0,1,0,0,物品台,wrong,wrong,wrong,,0.0,,1.0,4.26
2026_08_20/002,c4,v9,beyond_occ,naive,11,球L,ball(3cm),0.84,<1.0°,occluded(beyond limit),0,0,lcs_episode,0,hit,1,29.09,64.63,11,11,11,11,correct,球L,4.35,0.5,3.85,1.0,,,0.368,3.85,correct_only,1,0,0,0,,correct,correct,correct,0.0,,1.0,,4.29
2026_08_20/002,c4,v9,beyond_occ,naive,12,球M,ball(3cm),0.66,<1.0°,occluded(beyond limit),0,0,lcs_episode,0,miss,1,99.06,102.51,1,1,1,1,wrong,球L,3.15,0.5,2.65,1.0,,,0.396,2.65,wrong_only,0,1,0,0,球L,wrong,wrong,wrong,,0.0,,1.0,4.35
2026_08_20/002,c4,v9,beyond_occ,naive,13,球R,ball(3cm),0.84,<1.0°,occluded(beyond limit),0,0,lcs_episode,0,miss,1,106.98,109.52,1,1,1,1,wrong,球L,2.24,0.5,1.74,1.0,,,0.406,1.74,wrong_only,0,1,0,0,球L,wrong,wrong,wrong,,0.0,,1.0,4.33
2026_08_20/002,c4,v9,beyond_occ,naive,14,球M,ball(3cm),0.66,<1.0°,occluded(beyond limit),0,0,none,0,miss,0,,,,,,,unknown,,,,,,,,,,unknown,,,,,,,,,,,,,
2026_08_20/002,c4,v9,beyond_occ,naive,15,球R,ball(3cm),0.84,<1.0°,occluded(beyond limit),0,0,lcs_episode,0,miss,1,125.11,126.94,1,1,1,1,wrong,物品台,1.53,0.5,1.03,1.0,,,0.497,1.03,wrong_only,0,1,0,0,物品台,wrong,wrong,wrong,,0.0,,1.0,4.22
2026_08_20/003,c4,v9,beyond_occ,naive,1,球L,ball(3cm),0.64,<1.0°,occluded(beyond limit),0,0,lcs_episode,0,hit,1,5.35,8.33,3,3,3,3,correct,球L,1.1,0.5,0.6,1.0,,,0.568,0.6,correct_only,1,0,0,0,,correct,correct,correct,0.0,,1.0,,4.27
2026_08_20/003,c4,v9,beyond_occ,naive,2,球R,ball(3cm),0.63,<1.0°,occluded(beyond limit),0,0,none,0,miss,0,,,,,,,unknown,,,,,,,,,,unknown,,,,,,,,,,,,,
2026_08_20/003,c4,v9,beyond_occ,naive,3,球R,ball(3cm),0.63,<1.0°,occluded(beyond limit),0,0,none,0,miss,0,,,,,,,unknown,,,,,,,,,,unknown,,,,,,,,,,,,,
2026_08_20/003,c4,v9,beyond_occ,naive,4,球M,ball(3cm),0.63,<1.0°,occluded(beyond limit),0,0,none,0,miss,0,,,,,,,unknown,,,,,,,,,,unknown,,,,,,,,,,,,,
2026_08_20/003,c4,v9,beyond_occ,naive,5,球M,ball(3cm),0.63,<1.0°,occluded(beyond limit),0,0,none,0,miss,0,,,,,,,unknown,,,,,,,,,,unknown,,,,,,,,,,,,,
2026_08_20/003,c4,v9,beyond_occ,naive,6,球L,ball(3cm),0.64,<1.0°,occluded(beyond limit),0,0,lcs_episode,0,hit,1,9.56,11.55,1,1,1,1,correct,球L,1.69,0.5,1.19,1.0,,,0.754,1.19,correct_only,1,0,0,0,,correct,correct,correct,0.0,,1.0,,4.36
2026_08_20/003,c4,v9,beyond_occ,naive,7,球R,ball(3cm),0.63,<1.0°,occluded(beyond limit),0,0,none,0,miss,0,,,,,,,unknown,,,,,,,,,,unknown,,,,,,,,,,,,,
2026_08_20/003,c4,v9,beyond_occ,naive,8,球L,ball(3cm),0.64,<1.0°,occluded(beyond limit),0,0,lcs_episode,0,hit,1,15.01,17.27,1,1,1,1,correct,球L,1.96,0.5,1.46,1.0,,,0.827,1.46,correct_only,1,0,0,0,,correct,correct,correct,0.0,,1.0,,4.34
2026_08_20/003,c4,v9,beyond_occ,naive,9,球L,ball(3cm),0.64,<1.0°,occluded(beyond limit),0,0,lcs_episode,0,hit,1,15.01,17.27,1,1,1,1,correct,球L,1.96,0.5,1.46,1.0,,,0.827,1.46,correct_only,1,0,0,0,,correct,correct,correct,0.0,,1.0,,4.34
2026_08_20/003,c4,v9,beyond_occ,naive,10,球M,ball(3cm),0.63,<1.0°,occluded(beyond limit),0,0,none,0,miss,0,,,,,,,unknown,,,,,,,,,,unknown,,,,,,,,,,,,,
2026_08_20/003,c4,v9,beyond_occ,naive,11,球L,ball(3cm),0.64,<1.0°,occluded(beyond limit),0,0,lcs_episode,0,hit,1,17.12,29.06,5,5,5,5,correct,球L,1.26,0.5,0.76,1.0,,,0.724,0.76,correct_only,1,0,0,0,,correct,correct,correct,0.0,,1.0,,4.36
2026_08_20/003,c4,v9,beyond_occ,naive,12,球M,ball(3cm),0.63,<1.0°,occluded(beyond limit),0,0,none,0,miss,0,,,,,,,unknown,,,,,,,,,,unknown,,,,,,,,,,,,,
2026_08_20/003,c4,v9,beyond_occ,naive,13,球R,ball(3cm),0.63,<1.0°,occluded(beyond limit),0,0,lcs_episode,0,miss,1,28.64,31.23,1,1,1,1,wrong,球L,2.29,0.5,1.79,1.0,,,0.691,1.79,wrong_only,0,1,0,0,球L,wrong,wrong,wrong,,0.0,,1.0,4.39
2026_08_20/003,c4,v9,beyond_occ,naive,14,球M,ball(3cm),0.63,<1.0°,occluded(beyond limit),0,0,none,0,miss,0,,,,,,,unknown,,,,,,,,,,unknown,,,,,,,,,,,,,
2026_08_20/003,c4,v9,beyond_occ,naive,15,球R,ball(3cm),0.63,<1.0°,occluded(beyond limit),0,0,lcs_episode,0,miss,1,33.36,36.19,1,1,1,1,wrong,球L,2.52,0.5,2.02,1.0,,,0.669,2.02,wrong_only,0,1,0,0,球L,wrong,wrong,wrong,,0.0,,1.0,4.35
2026_08_25/c1_1,c4,v9,beyond_occ,naive,1,球L,ball(3cm),0.92,<1.0°,occluded(beyond limit),0,0,lcs_episode,0,hit,1,10.78,14.83,1,1,1,1,correct,球L,3.75,0.5,3.25,1.0,,,0.695,3.25,correct_only,1,0,0,0,,correct,correct,correct,0.0,,1.0,,4.04
2026_08_25/c1_1,c4,v9,beyond_occ,naive,2,球R,ball(3cm),0.9,<1.0°,occluded(beyond limit),0,0,none,0,miss,0,,,,,,,unknown,,,,,,,,,,unknown,,,,,,,,,,,,,
2026_08_25/c1_1,c4,v9,beyond_occ,naive,3,球R,ball(3cm),0.9,<1.0°,occluded(beyond limit),0,0,none,0,miss,0,,,,,,,unknown,,,,,,,,,,unknown,,,,,,,,,,,,,
2026_08_25/c1_1,c4,v9,beyond_occ,naive,4,球M,ball(3cm),0.68,<1.0°,occluded(beyond limit),0,0,none,0,miss,0,,,,,,,unknown,,,,,,,,,,unknown,,,,,,,,,,,,,
2026_08_25/c1_1,c4,v9,beyond_occ,naive,5,球M,ball(3cm),0.68,<1.0°,occluded(beyond limit),0,0,none,0,miss,0,,,,,,,unknown,,,,,,,,,,unknown,,,,,,,,,,,,,
2026_08_25/c1_1,c4,v9,beyond_occ,naive,6,球L,ball(3cm),0.92,<1.0°,occluded(beyond limit),0,0,lcs_episode,0,hit,1,23.51,30.27,1,1,1,1,wrong,物品台,6.46,0.5,5.96,1.0,,,0.749,5.96,wrong_only,0,1,0,0,物品台,wrong,wrong,wrong,,0.0,,1.0,4.12
2026_08_25/c1_1,c4,v9,beyond_occ,naive,7,球R,ball(3cm),0.9,<1.0°,occluded(beyond limit),0,0,none,0,miss,0,,,,,,,unknown,,,,,,,,,,unknown,,,,,,,,,,,,,
2026_08_25/c1_1,c4,v9,beyond_occ,naive,8,球L,ball(3cm),0.92,<1.0°,occluded(beyond limit),0,0,lcs_episode,0,hit,1,32.21,37.98,2,2,2,2,wrong,物品台,4.08,0.5,3.58,1.0,,,0.671,3.57,wrong_only,0,1,0,0,物品台,wrong,wrong,wrong,,0.0,,1.0,4.13
2026_08_25/c1_1,c4,v9,beyond_occ,naive,9,球L,ball(3cm),0.92,<1.0°,occluded(beyond limit),0,0,lcs_episode,0,hit,1,42.9,51.87,1,1,1,1,correct,球L,8.68,0.5,8.18,1.0,,,0.642,8.18,correct_only,1,0,0,0,,correct,correct,correct,0.0,,1.0,,4.16
2026_08_25/c1_1,c4,v9,beyond_occ,naive,10,球M,ball(3cm),0.68,<1.0°,occluded(beyond limit),0,0,lcs_episode,0,miss,1,86.24,93.75,1,1,1,1,wrong,物品台,7.22,0.5,6.72,1.0,,,0.634,6.72,wrong_only,0,1,0,0,物品台,wrong,wrong,wrong,,0.0,,1.0,4.18
2026_08_25/c1_1,c4,v9,beyond_occ,naive,11,球L,ball(3cm),0.92,<1.0°,occluded(beyond limit),0,0,lcs_episode,0,hit,1,93.11,107.62,5,5,5,5,correct,球L,4.35,0.5,3.85,1.0,,,0.624,3.85,mixed,1,1,1,1,物品台,correct,correct,correct,0.0,0.0,1.0,1.0,4.18
2026_08_25/c1_1,c4,v9,beyond_occ,naive,12,球M,ball(3cm),0.68,<1.0°,occluded(beyond limit),0,0,lcs_episode,0,miss,1,107.12,114.75,2,2,2,2,wrong,球L,5.43,0.5,4.93,1.0,,,0.381,4.93,wrong_only,0,1,0,0,球L,wrong,wrong,wrong,,0.0,,1.0,4.2
2026_08_25/c1_1,c4,v9,beyond_occ,naive,13,球R,ball(3cm),0.9,<1.0°,occluded(beyond limit),0,0,none,0,miss,0,,,,,,,unknown,,,,,,,,,,unknown,,,,,,,,,,,,,
2026_08_25/c1_1,c4,v9,beyond_occ,naive,14,球M,ball(3cm),0.68,<1.0°,occluded(beyond limit),0,0,lcs_episode,0,miss,1,121.13,127.51,1,1,1,1,wrong,球L,6.08,0.5,5.58,1.0,,,0.343,5.58,wrong_only,0,1,0,0,球L,wrong,wrong,wrong,,0.0,,1.0,4.19
2026_08_25/c1_1,c4,v9,beyond_occ,naive,15,球R,ball(3cm),0.9,<1.0°,occluded(beyond limit),0,0,none,0,miss,0,,,,,,,unknown,,,,,,,,,,unknown,,,,,,,,,,,,,
2026_08_25/c1_2,c4,v9,,naive,1,球L,ball(3cm),1.04,1.0–2.5°,clear,0,0,schedule,1,hit,1,17.49,23.05,2,2,2,2,correct,球L,3.29,-2.29,1.03,1.0,,,0.65,5.58,mixed,1,1,0,1,物品台,correct,correct,correct,0.0,0.0,1.0,1.0,4.23
2026_08_25/c1_2,c4,v9,,naive,2,球R,ball(3cm),0.81,<1.0°,clear,0,0,schedule,1,miss,1,24.21,29.81,1,1,1,1,wrong,物品台,5.4,-0.29,3.1,1.0,,,0.625,5.69,wrong_only,0,1,0,0,物品台,wrong,wrong,wrong,,0.0,,1.0,4.27
2026_08_25/c1_2,c4,v9,,naive,3,球R,ball(3cm),0.81,<1.0°,clear,0,0,schedule,1,miss,1,30.97,36.6,1,1,1,1,wrong,物品台,5.47,-0.92,3.14,1.0,,,0.521,6.39,wrong_only,0,1,0,0,物品台,wrong,wrong,wrong,,0.0,,1.0,4.29
2026_08_25/c1_2,c4,v9,,naive,4,球M,ball(3cm),0.65,<1.0°,clear,0,0,schedule,1,miss,1,37.76,43.41,1,1,1,1,wrong,物品台,5.57,-1.04,3.22,1.0,,,0.449,6.61,wrong_only,0,1,0,0,物品台,wrong,wrong,wrong,,0.0,,1.0,4.25
2026_08_25/c1_2,c4,v9,,naive,5,球M,ball(3cm),0.65,<1.0°,clear,0,0,schedule,1,miss,1,44.57,50.13,1,1,1,1,wrong,物品台,5.42,-0.7,3.16,1.0,,,0.354,6.12,wrong_only,0,1,0,0,物品台,wrong,wrong,wrong,,0.0,,1.0,4.25
2026_08_25/c1_2,c4,v9,,naive,6,球L,ball(3cm),1.04,1.0–2.5°,clear,0,0,schedule,1,hit,1,51.29,56.89,1,1,1,1,correct,球L,5.35,-1.04,3.05,1.0,,,0.419,6.39,correct_only,1,0,0,0,,correct,correct,correct,0.0,,1.0,,4.24
2026_08_25/c1_2,c4,v9,,naive,7,球R,ball(3cm),0.81,<1.0°,clear,0,0,schedule,1,miss,1,58.05,63.66,1,1,1,1,wrong,物品台,4.74,-1.17,2.43,1.0,,,0.407,5.9,wrong_only,0,1,0,0,物品台,wrong,wrong,wrong,,0.0,,1.0,4.26
2026_08_25/c1_2,c4,v9,,naive,8,球L,ball(3cm),1.04,1.0–2.5°,clear,0,0,schedule,1,hit,1,73.56,79.14,1,1,1,1,wrong,物品台,5.23,-1.65,2.95,1.0,,,0.615,6.88,wrong_only,0,1,0,0,物品台,wrong,wrong,wrong,,0.0,,1.0,4.26
2026_08_25/c1_2,c4,v9,,naive,9,球L,ball(3cm),1.04,1.0–2.5°,clear,0,0,schedule,1,miss,1,80.3,85.88,1,1,1,1,wrong,物品台,5.26,-1.24,2.98,1.0,,,0.557,6.5,wrong_only,0,1,0,0,物品台,wrong,wrong,wrong,,0.0,,1.0,4.26
2026_08_25/c1_2,c4,v9,,naive,10,球M,ball(3cm),0.65,<1.0°,clear,0,0,schedule,1,miss,1,87.04,92.7,1,1,1,1,wrong,物品台,5.62,2.26,3.26,1.0,,,0.589,3.36,wrong_only,0,1,0,0,物品台,wrong,wrong,wrong,,0.0,,1.0,4.27
2026_08_25/c1_2,c4,v9,,naive,11,球L,ball(3cm),1.04,1.0–2.5°,clear,0,0,schedule,1,hit,1,93.86,99.7,1,1,1,1,correct,球L,6.01,0.54,3.47,1.0,,,0.385,5.47,correct_only,1,0,0,0,,correct,correct,correct,0.0,,1.0,,4.22
2026_08_25/c1_2,c4,v9,,naive,12,球M,ball(3cm),0.65,<1.0°,clear,0,0,schedule,1,miss,1,100.86,106.66,1,1,1,1,wrong,球L,5.55,-0.68,3.05,1.0,,,0.366,6.23,wrong_only,0,1,0,0,球L,wrong,wrong,wrong,,0.0,,1.0,4.25
2026_08_25/c1_2,c4,v9,,naive,13,球R,ball(3cm),0.81,<1.0°,clear,0,0,schedule,1,miss,1,107.82,113.64,1,1,1,1,wrong,物品台,5.22,-1.23,2.7,1.0,,,0.505,6.45,wrong_only,0,1,0,0,物品台,wrong,wrong,wrong,,0.0,,1.0,4.26
2026_08_25/c1_2,c4,v9,,naive,14,球M,ball(3cm),0.65,<1.0°,clear,0,0,schedule,1,miss,1,114.8,120.64,2,2,2,2,wrong,物品台,1.9,0.76,-0.64,1.0,,,0.431,1.14,wrong_only,0,1,0,0,物品台,wrong,wrong,wrong,,0.0,,1.0,4.26
2026_08_25/c1_2,c4,v9,,naive,15,球R,ball(3cm),0.81,<1.0°,clear,0,0,schedule,1,miss,1,121.8,127.64,2,2,2,2,wrong,物品台,3.92,-0.74,1.38,1.0,,,0.409,4.66,wrong_only,0,1,0,0,物品台,wrong,wrong,wrong,,0.0,,1.0,4.26
2026_08_25/c1_3,c4,v9,,naive,1,球L,ball(3cm),1.19,1.0–2.5°,clear,0,0,lcs_episode,0,hit,1,14.34,24.1,9,9,9,9,correct,球L,1.5,0.5,1.0,1.0,,,0.375,1.0,mixed,1,1,1,1,物品台,correct,correct,correct,0.0,0.0,1.0,1.0,3.72
2026_08_25/c1_3,c4,v9,,naive,2,球R,ball(3cm),0.96,<1.0°,clear,0,0,none,0,miss,0,,,,,,,unknown,,,,,,,,,,unknown,,,,,,,,,,,,,
2026_08_25/c1_3,c4,v9,,naive,3,球R,ball(3cm),0.96,<1.0°,clear,0,0,none,0,miss,0,,,,,,,unknown,,,,,,,,,,unknown,,,,,,,,,,,,,
2026_08_25/c1_3,c4,v9,,naive,4,球M,ball(3cm),0.77,<1.0°,clear,0,0,lcs_episode,0,miss,1,23.56,37.75,6,6,6,6,wrong,物品台,1.5,0.5,1.0,1.0,,,0.417,1.0,wrong_only,0,1,0,0,物品台|球L,wrong,wrong,wrong,,0.0,,1.0,3.74
2026_08_25/c1_3,c4,v9,,naive,5,球M,ball(3cm),0.77,<1.0°,clear,0,0,lcs_episode,0,miss,1,23.56,37.75,6,6,6,6,wrong,物品台,1.5,0.5,1.0,1.0,,,0.417,1.0,wrong_only,0,1,0,0,物品台|球L,wrong,wrong,wrong,,0.0,,1.0,3.74
2026_08_25/c1_3,c4,v9,,naive,6,球L,ball(3cm),1.19,1.0–2.5°,clear,0,0,lcs_episode,0,hit,1,37.12,42.82,1,1,1,1,correct,球L,5.4,0.5,4.9,1.0,,,0.252,4.9,correct_only,1,0,0,0,,correct,correct,correct,0.0,,1.0,,3.73
2026_08_25/c1_3,c4,v9,,naive,7,球R,ball(3cm),0.96,<1.0°,clear,0,0,none,0,miss,0,,,,,,,unknown,,,,,,,,,,unknown,,,,,,,,,,,,,
2026_08_25/c1_3,c4,v9,,naive,8,球L,ball(3cm),1.19,1.0–2.5°,clear,0,0,none,0,hit,0,,,,,,,unknown,,,,,,,,,,unknown,,,,,,,,,,,,,
2026_08_25/c1_3,c4,v9,,naive,9,球L,ball(3cm),1.19,1.0–2.5°,clear,0,0,none,0,hit,0,,,,,,,unknown,,,,,,,,,,unknown,,,,,,,,,,,,,
2026_08_25/c1_3,c4,v9,,naive,10,球M,ball(3cm),0.77,<1.0°,clear,0,0,lcs_episode,0,miss,1,42.07,49.13,1,1,1,1,wrong,物品台,6.75,0.5,6.25,1.0,,,0.407,6.25,wrong_only,0,1,0,0,物品台,wrong,wrong,wrong,,0.0,,1.0,3.73
2026_08_25/c1_3,c4,v9,,naive,11,球L,ball(3cm),1.19,1.0–2.5°,clear,0,0,lcs_episode,0,hit,1,50.78,57.93,1,1,1,1,correct,球L,6.85,0.5,6.35,1.0,,,0.285,6.35,correct_only,1,0,0,0,,correct,correct,correct,0.0,,1.0,,3.71
2026_08_25/c1_3,c4,v9,,naive,12,球M,ball(3cm),0.77,<1.0°,clear,0,0,none,0,miss,0,,,,,,,unknown,,,,,,,,,,unknown,,,,,,,,,,,,,
2026_08_25/c1_3,c4,v9,,naive,13,球R,ball(3cm),0.96,<1.0°,clear,0,0,lcs_episode,0,miss,1,57.37,63.87,1,1,1,1,wrong,物品台,6.2,0.5,5.7,1.0,,,0.344,5.7,wrong_only,0,1,0,0,物品台,wrong,wrong,wrong,,0.0,,1.0,3.73
2026_08_25/c1_3,c4,v9,,naive,14,球M,ball(3cm),0.77,<1.0°,clear,0,0,lcs_episode,0,miss,1,107.32,114.07,1,1,1,1,wrong,球L,6.46,0.5,5.96,1.0,,,0.242,5.96,wrong_only,0,1,0,0,球L,wrong,wrong,wrong,,0.0,,1.0,3.72
2026_08_25/c1_3,c4,v9,,naive,15,球R,ball(3cm),0.96,<1.0°,clear,0,0,lcs_episode,0,miss,1,121.1,125.55,1,1,1,1,wrong,物品台,4.15,0.5,3.65,1.0,,,0.291,3.65,wrong_only,0,1,0,0,物品台,wrong,wrong,wrong,,0.0,,1.0,3.72
2026_08_25/u3,u3,v9,walking,naive,1,球L,ball(3cm),1.36,1.0–2.5°,clear,1,0,schedule,1,hit,1,17.8,23.36,4,4,4,4,correct,球L,2.0,0.35,-0.26,1.0,,,0.371,1.65,correct_only,1,0,0,0,,correct,correct,correct,0.0,,1.0,,2.8
2026_08_25/u3,u3,v9,walking,naive,2,球M,ball(3cm),1.44,1.0–2.5°,clear,1,0,schedule,1,miss,1,24.52,30.12,4,4,3,3,wrong,球L,1.81,1.26,-0.49,1.0,,,0.251,0.55,wrong_only,0,1,0,0,物品台|球L,wrong,wrong,wrong,,0.0,,1.0,2.82
2026_08_25/u3,u3,v9,walking,naive,3,球R,ball(3cm),1.75,1.0–2.5°,clear,1,0,schedule,1,miss,1,31.28,36.91,4,4,4,4,wrong,球M,3.43,-0.02,1.1,1.0,,,0.251,3.45,mixed,1,1,1,1,球M,wrong,wrong,wrong,0.0,0.0,1.0,1.0,2.27
2026_08_25/u3,u3,v9,walking,naive,4,球M,ball(3cm),1.44,1.0–2.5°,clear,1,0,schedule,1,hit,1,38.07,43.72,6,6,6,5,wrong,香蕉,0.49,0.09,-1.86,1.0,,,0.705,0.4,wrong_only,0,1,0,0,background|物品台|香蕉,wrong,wrong,wrong,,0.0,,1.0,2.84
2026_08_25/u3,u3,v9,walking,naive,5,球R,ball(3cm),1.75,1.0–2.5°,clear,1,0,schedule,1,hit,1,44.88,50.44,4,4,4,4,correct,球R,0.81,0.56,-1.45,1.0,,,0.216,0.25,correct_only,1,0,0,0,,correct,correct,correct,0.0,,1.0,,2.54
2026_08_25/u3,u3,v9,walking,naive,6,球L,ball(3cm),1.36,1.0–2.5°,clear,1,0,schedule,1,hit,1,51.6,57.2,3,3,3,3,correct,球L,2.76,1.21,0.46,1.0,,,0.54,1.55,correct_only,1,0,0,0,,correct,correct,correct,0.0,,1.0,,2.86
2026_08_25/u3,u3,v9,walking,naive,7,球M,ball(3cm),1.44,1.0–2.5°,clear,1,0,schedule,1,miss,1,58.36,63.96,7,7,7,7,correct,球M,0.55,0.25,-1.75,1.0,,,0.172,0.3,mixed,1,1,0,1,物品台,correct,correct,wrong,0.0,0.0,1.0,1.0,2.63
2026_08_25/u3,u3,v9,walking,naive,8,球R,ball(3cm),1.75,1.0–2.5°,clear,1,0,schedule,1,hit,1,72.22,77.8,7,7,7,7,wrong,球M,1.04,0.59,-1.24,1.0,,,0.245,0.45,mixed,1,1,1,1,球M,wrong,wrong,correct,0.0,0.0,1.0,1.0,2.49
2026_08_25/u3,u3,v9,walking,naive,9,球L,ball(3cm),1.36,1.0–2.5°,clear,1,0,schedule,1,hit,1,78.96,84.54,7,7,7,7,wrong,物品台,0.75,0.45,-1.53,1.0,,,0.418,0.3,mixed,1,1,1,1,物品台,wrong,wrong,correct,0.0,0.0,1.0,1.0,2.71
2026_08_25/u3,u3,v9,walking,naive,10,球R,ball(3cm),1.75,1.0–2.5°,clear,1,0,schedule,1,hit,1,85.7,91.35,4,4,4,4,correct,球R,2.27,1.67,-0.08,1.0,,,0.282,0.6,mixed,1,1,1,1,球M,correct,correct,correct,0.0,0.0,1.0,1.0,2.6
2026_08_25/u3,u3,v9,walking,naive,11,球L,ball(3cm),1.36,1.0–2.5°,clear,1,0,schedule,1,hit,1,92.51,98.36,4,4,4,4,correct,球L,0.96,0.47,-1.59,1.0,,,0.094,0.49,correct_only,1,0,0,0,,correct,correct,correct,0.0,,1.0,,2.48
2026_08_25/u3,u3,v9,walking,naive,12,球M,ball(3cm),1.44,1.0–2.5°,clear,1,0,schedule,1,hit,1,99.52,105.31,4,4,4,4,wrong,物品台,1.92,0.79,-0.57,1.0,,,0.172,1.14,wrong_only,0,1,0,0,物品台,wrong,wrong,wrong,,0.0,,1.0,2.46
2026_08_25/u3,u3,v9,walking,naive,13,球R,ball(3cm),1.75,1.0–2.5°,clear,1,0,schedule,1,miss,1,106.47,112.29,4,4,4,4,correct,球R,0.98,0.71,-1.54,1.0,,,0.1,0.27,mixed,1,1,0,1,球M,correct,correct,wrong,0.0,0.0,1.0,1.0,2.71
2026_08_25/u3,u3,v9,walking,naive,14,球L,ball(3cm),1.36,1.0–2.5°,clear,1,0,schedule,1,hit,1,113.45,119.32,3,3,3,3,correct,球L,0.92,0.27,-1.65,1.0,,,0.401,0.65,correct_only,1,0,0,0,,correct,correct,correct,0.0,,1.0,,3.1
2026_08_25/u3,u3,v9,walking,naive,15,球M,ball(3cm),1.44,1.0–2.5°,clear,1,0,schedule,1,hit,1,120.48,126.33,7,7,7,7,correct,球M,1.15,0.61,-1.4,1.0,,,0.141,0.54,mixed,1,1,1,1,物品台,correct,correct,correct,0.0,0.0,1.0,1.0,1.97
